Year_,Month_,Day_,ObjectID_1,InOrOut,Lat,Lon,UniqID,BurnDate,ELEVATION_AVG,SLOPE_AVG,SLOPE_MAX,ASPECT_DOM,CANOPY_2001,POP_DEN_2000,POP_2000,SOIL_DOM,GEOLOGY_DOM,PRECIP_1,PRECIP_2,PRECIP_3,PRECIP_4,PRECIP_5,PRECIP_6,PRECIP_7,PRECIP_8,PRECIP_9,PRECIP_10,PRECIP_11,PRECIP_12,TMEAN_1,TMEAN_2,TMEAN_3,TMEAN_4,TMEAN_5,TMEAN_6,TMEAN_7,TMEAN_8,TMEAN_9,TMEAN_10,TMEAN_11,TMEAN_12,TMIN_1,TMIN_2,TMIN_3,TMIN_4,TMIN_5,TMIN_6,TMIN_7,TMIN_8,TMIN_9,TMIN_10,TMIN_11,TMIN_12,TMAX_1,TMAX_2,TMAX_3,TMAX_4,TMAX_5,TMAX_6,TMAX_7,TMAX_8,TMAX_9,TMAX_10,TMAX_11,TMAX_12,ANNUAL_MEAN_TEMP,ANNUAL_PRECIP,ISOTHERMALITY,MAX_TEMP_WARMEST_MONTH,MEAN_DIURNAL_RANGE,MEAN_TEMP_COLDEST_QUARTER,MEAN_TEMP_DRIEST_QUARTER,MEAN_TEMP_WARMEST_QUARTER,MEAN_TEMP_WETTEST_QUARTER,MIN_TEMP_COLDEST_MONTH,PRECIP_COLDEST_QUARTER,PRECIP_DRIEST_MONTH,PRECIP_DRIEST_QUARTER,PRECIP_SEASONALITY,PRECIP_WARMEST_QUARTER,PRECIP_WETTEST_MONTH,PRECIP_WETTEST_QUARTER,TEMP_ANNUAL_RANGE,TEMP_SEASONALITY,Soil_Description,to_keep
1999,7,24,1506,out,41.010583,-111.471728,1506_out,1999-07-24,173257,17.2842121124268,25.6324214935303,3,0.24,1,0,674424,5,34,32,42,50,47,32,23,26,38,42,43,38,-5.6,-3.3,0.9,5.7,10.4,14.9,19.1,18.2,13.3,7.6,0.9,-4.6,-12.4,-10.5,-6.2,-2.2,1.5,4.9,8.5,7.5,2.8,-2.1,-6.3,-11.3,1.3,4,8.1,13.6,19.4,25,29.8,28.9,23.8,17.3,8.2,2.1,-5.6,436,40,-3.3,174,0.9,5.7,10.4,14.9,19.1,100,22,79,21,79,49,137,18.2,13.3,Stoda-Parleys-Nebeker-Manila-Lamondi (s7826),yes
1999,7,24,1506,in,41.010225,-111.468641,1506_in,1999-07-24,173283,19.5076694488525,29.7966423034668,1,17.47,1,0,674424,5,34,32,42,50,47,32,23,26,38,42,43,38,-5.6,-3.3,0.9,5.7,10.4,14.9,19.1,18.2,13.3,7.6,0.9,-4.6,-12.4,-10.5,-6.2,-2.2,1.5,4.9,8.5,7.5,2.8,-2.1,-6.3,-11.3,1.3,4,8.1,13.6,19.4,25,29.8,28.9,23.8,17.3,8.2,2.1,-5.6,433,40,-3.3,174,0.9,5.7,10.4,14.9,19.1,99,22,78,21,78,49,137,18.2,13.3,Stoda-Parleys-Nebeker-Manila-Lamondi (s7826),yes
2000,6,10,1454,out,40.166601,-111.581634,1454_out,2000-06-10,145823,7.56458759307861,18.0121994018555,4,26.24,76,24,674392,37,53,52,57,52,46,27,23,28,37,49,53,55,-3.4,-0.5,3.7,8.2,13.4,18.3,22.7,21.3,16.4,10.2,3.2,-2.4,-9.1,-6.7,-3.1,0.7,5,9,13.2,12,7.2,1.9,-3.2,-7.8,2.4,5.9,10.5,15.8,21.8,27.6,32.2,30.8,25.6,18.6,9.6,2.9,-3.4,565,37,-0.5,156,3.7,8.2,13.4,18.3,22.7,174,26,86,25,86,60,175,21.3,16.4,Rock outcrop-Parkay-Kitchell-Flygare-Agassiz (s8155),yes
2000,6,10,1454,in,40.167803,-111.580281,1454_in,2000-06-10,150394,17.7491321563721,20.0209369659424,4,18.26,76,24,674392,37,58,56,59,51,46,29,26,31,40,52,57,60,-4.6,-2,2.1,6.7,11.6,16.6,20.9,19.8,14.8,8.9,1.8,-3.7,-10.6,-8.5,-4.7,-0.7,3.2,7.3,11.3,10.3,5.5,0.5,-4.6,-9.3,1.5,4.5,8.9,14.2,20.1,25.9,30.5,29.3,24.1,17.3,8.2,2,-4.6,565,37,-2,156,2.1,6.7,11.6,16.6,20.9,174,26,86,25,86,60,175,19.8,14.8,Rock outcrop-Parkay-Kitchell-Flygare-Agassiz (s8155),yes
2000,6,18,1452,out,40.634394,-111.186356,1452_out,2000-06-18,218140,8.14802265167236,11.043173789978,3,12.82,8,2,674417,118,47,47,45,44,41,30,29,32,39,43,46,46,-6.2,-4.4,-1.3,3.4,8.3,13.2,17.6,16.5,11.8,6.4,-0.5,-5.4,-13,-11.4,-8,-3.9,0.2,4.2,8.1,7.1,2.6,-2,-7.2,-12.1,0.7,2.6,5.4,10.7,16.5,22.3,27.1,25.9,21,14.9,6.3,1.3,-6.2,519,39,-4.4,154,-1.3,3.4,8.3,13.2,17.6,151,30,95,17,95,51,151,16.5,11.8,Sterling-Sheep Creek-Richmond-Foxol-Elzinga-Agassiz (s7785),yes
2000,6,18,1452,in,40.633002,-111.185424,1452_in,2000-06-18,216193,5.03178834915161,9.03526401519775,3,2.24,8,2,674417,118,47,47,45,44,41,30,29,32,39,43,46,46,-6.2,-4.4,-1.3,3.4,8.3,13.2,17.6,16.5,11.8,6.4,-0.5,-5.4,-13,-11.4,-8,-3.9,0.2,4.2,8.1,7.1,2.6,-2,-7.2,-12.1,0.7,2.6,5.4,10.7,16.5,22.3,27.1,25.9,21,14.9,6.3,1.3,-6.2,495,39,-4.4,157,-1.3,3.4,8.3,13.2,17.6,142,29,92,16,92,48,142,16.5,11.8,Sterling-Sheep Creek-Richmond-Foxol-Elzinga-Agassiz (s7785),yes
2000,7,26,1459,out,40.348102,-111.552615,1459_out,2000-07-26,166129,13.6941804885864,35.5107879638672,3,26.29,1,0,674417,43,63,59,57,50,47,30,26,31,41,53,59,62,-4.6,-2,1.9,6.6,11.6,16.5,20.8,19.8,14.8,8.8,1.7,-3.7,-10.7,-8.7,-5,-1.1,2.9,6.9,10.7,9.8,5.2,0.1,-4.8,-9.5,1.6,4.8,8.9,14.3,20.3,26.1,30.9,29.8,24.5,17.5,8.2,2.1,-4.6,578,38,-2,161,1.9,6.6,11.6,16.5,20.8,184,26,87,26,87,63,184,19.8,14.8,Sterling-Sheep Creek-Richmond-Foxol-Elzinga-Agassiz (s7785),yes
2000,7,26,1459,in,40.348496,-111.549795,1459_in,2000-07-26,166849,17.5042343139648,38.765022277832,3,28.91,1,0,674417,43,62,59,56,50,46,30,25,30,41,52,59,61,-4.5,-1.8,2.2,6.9,11.8,16.7,21.1,20.1,15,9.1,1.9,-3.5,-10.7,-8.6,-4.8,-0.8,3.1,7.1,11,10.1,5.3,0.3,-4.6,-9.3,1.7,5.1,9.2,14.7,20.6,26.4,31.2,30.1,24.8,17.9,8.5,2.3,-4.5,576,38,-1.8,161,2.2,6.9,11.8,16.7,21.1,183,26,86,26,86,63,183,20.1,15,Sterling-Sheep Creek-Richmond-Foxol-Elzinga-Agassiz (s7785),yes
2000,8,8,1159,out,41.364241,-111.048329,1159_out,2000-08-08,211919,3.62061476707459,4.55204916000366,1,0,16,5,674343,10,21,19,25,31,35,29,22,25,31,28,24,21,-8.1,-6.5,-2.6,2.8,8,12.5,16.4,15.3,10.6,4.9,-2.4,-7.1,-14.9,-13.7,-9.4,-4.7,-0.4,3.4,6.4,5.4,0.7,-4.2,-9.5,-14,-1.3,0.7,4.3,10.4,16.4,21.6,26.5,25.3,20.6,14.1,4.8,-0.2,-8.1,313,39,-6.5,164,-2.6,2.8,8,12.5,16.4,62,20,62,17,76,35,95,15.3,10.6,Parkay-Forsey-Embargo-Croydon-Condie (s8043),yes
2000,8,8,1159,in,41.365296,-111.047972,1159_in,2000-08-08,211499,3.96155858039856,4.58261680603027,1,0,18,6,674343,10,21,19,25,31,35,29,22,25,31,28,24,21,-8.1,-6.5,-2.6,2.8,8,12.5,16.4,15.3,10.6,4.9,-2.4,-7.1,-14.9,-13.7,-9.4,-4.7,-0.4,3.4,6.4,5.4,0.7,-4.2,-9.5,-14,-1.3,0.7,4.3,10.4,16.4,21.6,26.5,25.3,20.6,14.1,4.8,-0.2,-8.1,314,39,-6.5,164,-2.6,2.8,8,12.5,16.4,63,20,63,17,76,35,95,15.3,10.6,Parkay-Forsey-Embargo-Croydon-Condie (s8043),yes
2000,9,17,1157,out,41.466729,-111.317236,1157_out,2000-09-17,209679,14.1978521347046,22.7997627258301,1,2.74,0,0,674346,3,33,31,36,40,41,33,24,28,35,34,36,33,-8.3,-6.9,-3.3,2,7.1,11.7,15.9,14.9,10.1,4.5,-2.5,-7.2,-15,-14,-10,-5.2,-0.9,2.9,6.1,5.1,0.4,-4.4,-9.4,-13.9,-1.5,0.2,3.4,9.2,15.2,20.6,25.7,24.7,19.8,13.4,4.4,-0.5,-8.3,411,39,-6.9,160,-3.3,2,7.1,11.7,15.9,99,25,87,13,87,41,118,14.9,10.1,Picayune family-Lucky Star-Hades-Ant Flat (s7840),yes
2000,9,17,1157,in,41.469223,-111.317125,1157_in,2000-09-17,212691,17.4788208007813,27.0472087860107,3,0,0,0,674346,3,33,31,36,40,41,33,24,28,35,34,36,33,-8.3,-6.9,-3.3,2,7.1,11.7,15.9,14.9,10.1,4.5,-2.5,-7.2,-15,-14,-10,-5.2,-0.9,2.9,6.1,5.1,0.4,-4.4,-9.4,-13.9,-1.5,0.2,3.4,9.2,15.2,20.6,25.7,24.7,19.8,13.4,4.4,-0.5,-8.3,398,39,-6.9,162,-3.3,2,7.1,11.7,15.9,94,24,85,13,85,41,115,14.9,10.1,Picayune family-Lucky Star-Hades-Ant Flat (s7840),yes
2001,7,2,887,out,39.862352,-111.601742,887_out,2001-07-02,185343,9.56439018249512,20.0125370025635,2,25.65,0,0,674407,26,44,44,49,40,39,25,27,32,36,42,44,46,-5.7,-3.3,1.1,5.6,10.3,15.3,19.4,18.4,13.6,7.9,1,-4.8,-12.1,-9.9,-5.7,-1.8,2,6,10,9.1,4.4,-0.5,-5.6,-10.9,0.8,3.3,7.9,13.1,18.7,24.6,28.9,27.8,22.9,16.4,7.7,1.3,-5.7,480,38,-3.3,155,1.1,5.6,10.3,15.3,19.4,138,26,88,18,88,50,141,18.4,13.6,Roundy-Fitzgerald-Daybell (s7884),yes
2001,7,2,887,in,39.863175,-111.597234,887_in,2001-07-02,189584,24.2701110839844,29.7801055908203,1,46.94,0,0,674407,26,44,44,49,40,39,25,27,32,36,42,44,46,-5.7,-3.3,1.1,5.6,10.3,15.3,19.4,18.4,13.6,7.9,1,-4.8,-12.1,-9.9,-5.7,-1.8,2,6,10,9.1,4.4,-0.5,-5.6,-10.9,0.8,3.3,7.9,13.1,18.7,24.6,28.9,27.8,22.9,16.4,7.7,1.3,-5.7,462,38,-3.3,158,1.1,5.6,10.3,15.3,19.4,132,25,83,18,83,48,134,18.4,13.6,Roundy-Fitzgerald-Daybell (s7884),yes
2001,7,18,885,out,39.980556,-111.758062,885_out,2001-07-18,160533,19.2796440124512,29.4791088104248,4,15.5,4,1,674680,43,38,38,50,47,42,24,22,29,34,43,43,41,-3.3,-0.2,3.7,8.1,13.3,18.7,23.2,21.9,16.6,10.1,3.3,-2.3,-9.1,-6.3,-3,0.7,5.2,9.8,14.2,13,7.7,2,-3.1,-7.8,2.5,6,10.4,15.6,21.5,27.7,32.3,30.9,25.5,18.3,9.8,3.2,-3.3,451,36,-0.2,150,3.7,8.1,13.3,18.7,23.2,117,22,75,22,75,50,139,21.9,16.6,Yeates Hollow-Lucky Star-Hoskin-Horrocks-Gappmayer-Cloud Rim-Bradshaw-Ant Flat (s7886),yes
2001,7,18,885,in,39.980058,-111.759301,885_in,2001-07-18,158159,20.2785739898682,27.4016056060791,1,25.71,3,1,674680,43,38,38,50,47,42,24,22,29,34,43,43,41,-3.3,-0.2,3.7,8.1,13.3,18.7,23.2,21.9,16.6,10.1,3.3,-2.3,-9.1,-6.3,-3,0.7,5.2,9.8,14.2,13,7.7,2,-3.1,-7.8,2.5,6,10.4,15.6,21.5,27.7,32.3,30.9,25.5,18.3,9.8,3.2,-3.3,451,36,-0.2,150,3.7,8.1,13.3,18.7,23.2,117,22,75,22,75,50,139,21.9,16.6,Yeates Hollow-Lucky Star-Hoskin-Horrocks-Gappmayer-Cloud Rim-Bradshaw-Ant Flat (s7886),yes
2001,7,21,884,out,40.245889,-111.624705,884_out,2001-07-21,166680,29.0445728302002,34.5826072692871,4,19.62,0,0,674389,6,51,50,55,52,46,28,22,28,37,48,51,53,-3.2,-0.2,3.9,8.4,13.5,18.5,22.8,21.6,16.5,10.3,3.3,-2.2,-8.8,-6.5,-2.9,0.8,5.1,9.2,13.3,12.3,7.3,1.9,-3,-7.5,2.5,6.2,10.7,16,22,27.8,32.4,31,25.8,18.7,9.7,3.2,-3.2,512,37,-0.2,154,3.9,8.4,13.5,18.5,22.8,151,22,76,25,76,54,154,21.6,16.5,Rock outcrop-Mower-Lundy-Lizzant-Hamtah-Agassiz (s8168),yes
2001,7,21,884,in,40.244037,-111.624431,884_in,2001-07-21,166516,33.3972434997559,37.0470848083496,4,13.44,0,0,674389,6,50,49,54,51,46,27,22,27,36,47,50,52,-3.1,-0.1,4,8.5,13.6,18.6,23,21.7,16.6,10.4,3.4,-2.1,-8.7,-6.4,-2.8,0.9,5.2,9.3,13.5,12.4,7.4,2,-2.9,-7.4,2.6,6.3,10.8,16.1,22.1,27.9,32.5,31.1,25.9,18.8,9.8,3.3,-3.1,511,37,-0.1,154,4,8.5,13.6,18.6,23,151,22,76,25,76,54,154,21.7,16.6,Rock outcrop-Mower-Lundy-Lizzant-Hamtah-Agassiz (s8168),yes
2001,8,4,209,out,41.405928,-111.228826,209_out,2001-08-04,202186,6.72082233428955,9.15032577514648,2,0,0,0,674343,7,23,21,26,33,36,30,21,24,32,30,27,23,-8.2,-6.4,-2.1,3.3,8.3,12.7,16.7,15.6,10.9,5.1,-2,-7.1,-15.2,-13.8,-9.1,-4.3,-0.2,3.4,6.5,5.3,0.6,-4.5,-9.3,-14.1,-1.2,1,4.9,11,16.9,22.1,27.1,26,21.3,14.8,5.4,-0.1,-8.2,343,40,-6.4,168,-2.1,3.3,8.3,12.7,16.7,72,22,72,16,78,37,103,15.6,10.9,Parkay-Forsey-Embargo-Croydon-Condie (s8043),yes
2001,8,4,209,in,41.406244,-111.228639,209_in,2001-08-04,201932,6.02465486526489,9.15032577514648,2,0,0,0,674343,7,23,21,26,33,36,30,21,24,32,30,27,23,-8.2,-6.4,-2.1,3.3,8.3,12.7,16.8,15.6,10.9,5.1,-2,-7.1,-15.2,-13.8,-9.1,-4.3,-0.2,3.4,6.5,5.3,0.6,-4.5,-9.3,-14.1,-1.2,1,4.9,11,16.9,22.1,27.1,26,21.3,14.8,5.4,-0.1,-8.2,341,40,-6.4,168,-2.1,3.3,8.3,12.7,16.8,71,22,71,17,77,37,102,15.6,10.9,Parkay-Forsey-Embargo-Croydon-Condie (s8043),yes
2001,8,17,876,out,40.493623,-111.123562,876_out,2001-08-17,291037,3.37070274353027,11.7401676177979,3,2.68,0,0,674410,26,77,73,81,62,52,38,41,47,48,54,72,77,-8.3,-7.7,-5.9,-1.4,3.8,9.1,13.5,12.5,7.9,3,-3.8,-7.7,-14.5,-14,-11.9,-7.4,-2.7,1.8,5.9,5.1,0.9,-3.4,-9.4,-13.7,-2,-1.3,0.1,4.7,10.4,16.4,21.1,19.9,15,9.4,1.9,-1.6,-8.3,722,36,-7.7,131,-5.9,-1.4,3.8,9.1,13.5,227,38,126,24,126,81,231,12.5,7.9,Scandard-Rogert family-Hechtman-Elwood-Bickmore (s8039),yes
2001,8,17,876,in,40.49522,-111.126937,876_in,2001-08-17,289492,6.46297883987427,9.3253288269043,4,23.68,0,0,674410,26,77,73,80,62,52,37,40,46,48,54,71,76,-8.1,-7.4,-5.6,-1.1,4.1,9.2,13.7,12.6,8.1,3.1,-3.6,-7.5,-14.4,-13.8,-11.6,-7.2,-2.5,1.9,6,5.2,1,-3.4,-9.2,-13.6,-1.8,-1,0.5,5,10.8,16.6,21.4,20.1,15.3,9.6,2.1,-1.4,-8.1,716,36,-7.4,132,-5.6,-1.1,4.1,9.2,13.7,225,38,125,24,125,80,229,12.6,8.1,Scandard-Rogert family-Hechtman-Elwood-Bickmore (s8039),yes
2001,9,27,886,out,39.784866,-111.835616,886_out,2001-09-27,154915,2.22567987442017,2.5842592716217,3,0,3,1,674676,43,33,33,43,40,37,22,22,27,31,36,36,36,-3.2,-0.3,3.6,8,13.1,18.6,23.1,21.8,16.5,10.1,3.3,-2.3,-9.4,-6.7,-3.3,0.1,4.5,9,13.4,12.3,7.1,1.4,-3.6,-8.3,3,6.1,10.6,15.9,21.7,28.2,32.8,31.4,26,18.9,10.2,3.7,-3.2,374,37,-0.3,161,3.6,8,13.1,18.6,23.1,94,20,68,19,68,40,114,21.8,16.5,Woodpass-Wiscow-Poposhia-Pancheri-Lariat-Alhark (s7818),yes
2001,9,27,886,in,39.772194,-111.83687,886_in,2001-09-27,155545,6.17525672912598,9.83293342590332,4,0,1,0,674676,43,30,29,40,37,35,21,20,25,29,33,33,32,-2.9,0.3,4.3,8.6,13.9,19.3,23.9,22.7,17.2,10.7,3.8,-1.8,-9.1,-6.1,-2.8,0.6,5.2,9.6,14.1,13,7.7,1.9,-3.2,-7.8,3.3,6.7,11.5,16.7,22.6,29.1,33.7,32.4,26.7,19.6,10.9,4.3,-2.9,377,38,0.3,162,4.3,8.6,13.9,19.3,23.9,96,21,68,19,68,41,115,22.7,17.2,Woodpass-Wiscow-Poposhia-Pancheri-Lariat-Alhark (s7818),yes
2001,9,28,643,out,39.810716,-111.211725,643_out,2001-09-28,252361,10.0211153030396,16.3398342132568,2,47.41,0,0,674397,5,48,45,48,37,37,28,36,43,40,40,42,45,-9.1,-7.4,-3.8,1.2,6.4,11.5,15.6,14.6,9.8,4.6,-2.5,-7.7,-16.1,-14.7,-10.5,-5.4,-0.8,3.4,7.4,6.5,1.9,-2.8,-8.7,-14.3,-2,-0.1,2.9,7.8,13.6,19.6,23.9,22.7,17.8,12,3.7,-1.1,-9.1,489,36,-7.4,146,-3.8,1.2,6.4,11.5,15.6,138,28,101,13,107,48,141,14.6,9.8,Rock outcrop-Ridd-Barton (s7794),yes
2001,9,28,643,in,39.812763,-111.214811,643_in,2001-09-28,251245,18.4503326416016,25.7954483032227,1,73.38,0,0,674397,5,48,45,48,37,37,28,36,43,40,40,42,45,-9.1,-7.4,-3.8,1.2,6.4,11.5,15.6,14.6,9.8,4.6,-2.5,-7.7,-16.1,-14.7,-10.5,-5.4,-0.8,3.4,7.4,6.5,1.9,-2.8,-8.7,-14.3,-2,-0.1,2.9,7.8,13.6,19.6,23.9,22.7,17.8,12,3.7,-1.1,-9.1,476,36,-7.4,147,-3.8,1.2,6.4,11.5,15.6,134,28,99,13,105,46,136,14.6,9.8,Rock outcrop-Ridd-Barton (s7794),yes
2001,10,4,644,out,40.743479,-111.658008,644_out,2001-10-04,195284,9.37593173980713,16.708740234375,1,19.97,0,0,674374,43,64,61,68,64,55,35,29,33,44,54,64,65,-5,-3.2,-0.1,4.4,9.3,14.3,18.6,17.8,12.8,7.2,0.4,-4.3,-11.2,-9.7,-6.6,-2.8,1.2,5.2,9,8.3,3.7,-1,-5.9,-10.4,1.3,3.4,6.5,11.6,17.5,23.4,28.3,27.3,22,15.5,6.8,1.8,-5,634,39,-3.2,155,-0.1,4.4,9.3,14.3,18.6,189,29,97,25,97,68,192,17.8,12.8,Richsum-Cutoff family-Ayoub (s7899),yes
2001,10,4,644,in,40.742978,-111.654659,644_in,2001-10-04,198220,8.1978702545166,10.7468671798706,1,37.91,0,0,674374,43,64,61,68,64,55,35,29,33,44,54,64,65,-5,-3.2,-0.1,4.4,9.3,14.3,18.6,17.8,12.8,7.2,0.4,-4.3,-11.2,-9.7,-6.6,-2.8,1.2,5.2,9,8.3,3.7,-1,-5.9,-10.4,1.3,3.4,6.5,11.6,17.5,23.4,28.3,27.3,22,15.5,6.8,1.8,-5,636,39,-3.2,155,-0.1,4.4,9.3,14.3,18.6,190,29,97,25,97,68,193,17.8,12.8,Richsum-Cutoff family-Ayoub (s7899),yes
2002,6,30,937,out,39.780401,-110.910918,937_out,2002-06-30,215182,30.5996913909912,39.2372283935547,4,26.18,0,0,674497,7,26,26,27,24,28,22,28,33,32,30,25,27,-7.1,-4.4,0.1,5.1,10.2,15.3,19.2,18,13.2,7.4,-0.1,-5.7,-13.9,-11.4,-6.9,-2.4,2.2,6.6,10.4,9.3,4.4,-0.7,-6.8,-12.1,-0.2,2.7,7.1,12.6,18.3,24.1,28.1,26.8,22,15.6,6.7,0.8,-7.1,328,36,-4.4,155,0.1,5.1,10.2,15.3,19.2,79,22,74,11,83,33,95,18,13.2,Teton-Rubble land-Parkay-Hoosan-Elwood-Condie (s8034),yes
2002,6,30,937,in,39.783878,-110.904955,937_in,2002-06-30,224339,29.7457942962646,36.9562492370605,3,8.12,0,0,674497,7,36,35,38,31,32,26,35,42,38,36,33,35,-8.6,-6.8,-3.2,1.9,7.1,12.3,16.5,15.4,10.6,5.2,-2.1,-7.2,-15.4,-13.9,-9.9,-4.8,0,4.4,8.4,7.5,2.8,-2,-8.2,-13.6,-1.7,0.3,3.5,8.6,14.3,20.3,24.6,23.3,18.4,12.5,4.1,-0.8,-8.6,328,36,-6.8,155,-3.2,1.9,7.1,12.3,16.5,79,22,74,11,83,33,95,15.4,10.6,Teton-Rubble land-Parkay-Hoosan-Elwood-Condie (s8034),yes
2002,6,30,877,out,40.192464,-111.612716,877_out,2002-06-30,139817,7.02392101287842,14.4244661331177,4,0,119,37,674389,37,44,43,49,48,43,25,20,26,33,43,44,44,-2.7,0.4,4.8,9.3,14.4,19.4,23.6,22.4,17.3,10.9,3.9,-1.7,-8.3,-5.8,-2,1.6,6,10.1,14.2,13.2,8.1,2.5,-2.5,-7,2.9,6.6,11.7,17,22.9,28.7,33.1,31.7,26.5,19.4,10.4,3.7,-2.7,459,36,0.4,153,4.8,9.3,14.4,19.4,23.6,129,20,71,24,71,48,139,22.4,17.3,Rock outcrop-Mower-Lundy-Lizzant-Hamtah-Agassiz (s8168),yes
2002,6,30,877,in,40.194492,-111.610425,877_in,2002-06-30,146515,19.7307567596436,25.9115238189697,4,1.09,11,3,674389,37,46,45,51,49,44,26,21,27,34,44,46,46,-2.9,0.1,4.4,8.9,14,19,23.3,22.1,17,10.6,3.6,-2,-8.6,-6.1,-2.4,1.3,5.6,9.7,13.8,12.8,7.8,2.2,-2.8,-7.3,2.7,6.4,11.3,16.6,22.5,28.3,32.8,31.4,26.2,19.1,10.1,3.5,-2.9,517,37,0.1,155,4.4,8.9,14,19,23.3,153,23,78,25,78,54,159,22.1,17,Rock outcrop-Mower-Lundy-Lizzant-Hamtah-Agassiz (s8168),yes
2002,8,19,882,out,39.938096,-111.590209,882_out,2002-08-19,188499,17.5893955230713,33.8617210388184,2,53.85,0,0,674407,5,50,49,53,43,41,27,29,35,38,44,48,51,-6.1,-3.9,0.2,4.8,9.6,14.5,18.8,17.7,13,7.3,0.4,-5.1,-12.5,-10.5,-6.5,-2.4,1.5,5.5,9.6,8.6,4,-0.8,-6.1,-11.2,0.4,2.8,6.9,12.1,17.7,23.6,28,26.9,22,15.5,6.9,1,-6.1,508,38,-3.9,154,0.2,4.8,9.6,14.5,18.8,150,27,91,19,91,53,152,17.7,13,Roundy-Fitzgerald-Daybell (s7884),yes
2002,8,19,882,in,39.936709,-111.591049,882_in,2002-08-19,196003,34.0875816345215,37.4440307617188,2,40.12,0,0,674407,5,50,49,53,43,41,27,29,35,38,44,48,51,-6.1,-3.9,0.2,4.8,9.6,14.5,18.8,17.7,13,7.3,0.4,-5.1,-12.5,-10.5,-6.5,-2.4,1.5,5.5,9.6,8.6,4,-0.8,-6.1,-11.2,0.4,2.8,6.9,12.1,17.7,23.6,28,26.9,22,15.5,6.9,1,-6.1,508,38,-3.9,154,0.2,4.8,9.6,14.5,18.8,150,27,91,19,91,53,152,17.7,13,Roundy-Fitzgerald-Daybell (s7884),yes
2002,8,28,457,out,38.638803,-111.656925,457_out,2002-08-28,278558,2.91244292259216,8.2376012802124,3,13.24,0,0,674559,68,37,36,46,32,35,24,45,54,40,35,35,38,-7.4,-6.3,-4,0.4,5.3,10.5,14.4,13.3,9.1,4.1,-2.5,-6.5,-14.7,-13.3,-10.7,-6.6,-2.4,1.9,5.9,5.2,0.9,-3.6,-9.4,-13.6,0,0.8,2.7,7.5,13,19.1,22.9,21.4,17.4,11.9,4.5,0.7,-7.4,455,40,-6.3,152,-4,0.4,5.3,10.5,14.4,110,24,91,19,123,54,139,13.3,9.1,Trag-Senchert-Midfork family-Falcon-Beje (s7872),yes
2002,8,28,457,in,38.641683,-111.652827,457_in,2002-08-28,285093,17.8816051483154,21.30246925354,4,57.79,0,0,674559,43,38,36,47,33,35,24,46,55,41,36,36,39,-7.5,-6.4,-4.2,0.2,5.1,10.3,14.2,13.1,9,4,-2.6,-6.6,-14.8,-13.4,-10.8,-6.8,-2.5,1.8,5.8,5.1,0.9,-3.7,-9.5,-13.7,-0.1,0.7,2.5,7.2,12.7,18.9,22.7,21.2,17.2,11.7,4.3,0.5,-7.5,448,40,-6.4,153,-4.2,0.2,5.1,10.3,14.2,107,24,90,19,122,53,137,13.1,9,Trag-Senchert-Midfork family-Falcon-Beje (s7872),yes
2002,9,5,640,out,40.776993,-111.814835,640_out,2002-09-05,161882,18.1072731018066,29.2660541534424,3,20.97,11,3,674382,2,56,55,73,73,62,35,25,29,45,57,60,65,-3.7,-1.4,2.2,6.8,11.8,16.8,21.3,20.2,15.1,9,2.2,-3,-9.7,-7.8,-4.3,-0.4,3.7,7.7,11.7,10.8,6.1,0.9,-3.9,-8.7,2.3,5,8.7,14,19.9,25.9,30.9,29.7,24.2,17.2,8.4,2.7,-3.7,633,37,-1.4,152,2.2,6.8,11.8,16.8,21.3,174,25,89,29,89,74,209,20.2,15.1,Richville-Leavitt-Dagan-Cokeville-Boundridge variant (s1778),yes
2002,9,5,640,in,40.775478,-111.812696,640_in,2002-09-05,165652,20.2433910369873,26.3922290802002,1,47.59,10,3,674382,2,56,55,73,73,62,35,25,29,45,57,60,65,-3.7,-1.4,2.2,6.8,11.8,16.8,21.3,20.2,15.1,9,2.2,-3,-9.7,-7.8,-4.3,-0.4,3.7,7.7,11.7,10.8,6.1,0.9,-3.9,-8.7,2.3,5,8.7,14,19.9,25.9,30.9,29.7,24.2,17.2,8.4,2.7,-3.7,642,37,-1.4,152,2.2,6.8,11.8,16.8,21.3,180,26,92,28,92,73,206,20.2,15.1,Richville-Leavitt-Dagan-Cokeville-Boundridge variant (s1778),yes
2003,5,26,635,out,41.322962,-111.616278,635_out,2003-05-26,174712,9.96234512329102,24.90207862854,2,22.91,1,0,674358,7,46,43,49,54,50,36,23,27,39,44,49,49,-6.8,-4.7,-0.5,4.5,9.3,13.9,18,17.1,12.1,6.5,-0.3,-5.7,-13.5,-11.9,-7.3,-2.8,0.9,4.5,7.7,6.8,2.1,-2.7,-7.3,-12.2,0,2.5,6.3,11.9,17.7,23.3,28.4,27.4,22.2,15.8,6.7,0.9,-6.8,510,39,-4.7,166,-0.5,4.5,9.3,13.9,18,138,23,86,21,86,54,153,17.1,12.1,Poleline-Lucky Star-Cluff-Bickmore (s7814),yes
2003,5,26,635,in,41.322341,-111.619378,635_in,2003-05-26,180565,18.545352935791,20.2044048309326,2,6.62,1,0,674358,7,46,43,50,54,50,36,23,27,39,44,50,49,-6.8,-4.7,-0.4,4.5,9.2,14,18.1,17.1,12.3,6.6,-0.2,-5.7,-13.5,-11.8,-7.2,-2.8,0.9,4.6,7.8,6.9,2.3,-2.6,-7.2,-12.3,0,2.5,6.4,11.8,17.6,23.4,28.5,27.4,22.3,15.9,6.8,0.9,-6.8,511,39,-4.7,165,-0.4,4.5,9.2,14,18.1,138,23,86,22,86,54,154,17.1,12.3,Poleline-Lucky Star-Cluff-Bickmore (s7814),yes
2003,7,31,878,out,40.088372,-111.448478,878_out,2003-07-31,181570,12.6003818511963,21.333215713501,4,27.79,0,0,674411,-111,54,52,53,44,42,27,26,32,39,47,52,56,-5.6,-3,1.5,6.1,10.9,15.8,19.9,18.9,14.1,8.3,1.2,-4.6,-12,-9.8,-5.4,-1.5,2.4,6.4,10.2,9.3,4.6,-0.3,-5.5,-10.7,0.9,3.9,8.5,13.7,19.5,25.2,29.6,28.5,23.6,17,7.9,1.5,-5.6,518,38,-3,160,1.5,6.1,10.9,15.8,19.9,159,26,85,23,85,55,160,18.9,14.1,Steed-Redola-Provo-Pleasant View-Pleasant Vale-Keigley (s7862),yes
2003,7,31,878,in,40.089121,-111.447562,878_in,2003-07-31,182954,9.36226367950439,14.3488140106201,4,17.41,0,0,674411,-111,54,52,53,44,42,27,26,32,39,47,52,56,-5.6,-3,1.5,6.1,10.9,15.8,19.9,18.9,14.1,8.3,1.2,-4.6,-12,-9.8,-5.4,-1.5,2.4,6.4,10.2,9.3,4.6,-0.3,-5.5,-10.7,0.9,3.9,8.5,13.7,19.5,25.2,29.6,28.5,23.6,17,7.9,1.5,-5.6,518,38,-3,160,1.5,6.1,10.9,15.8,19.9,159,26,85,23,85,55,160,18.9,14.1,Steed-Redola-Provo-Pleasant View-Pleasant Vale-Keigley (s7862),yes
2003,8,10,880,out,40.093139,-111.571579,880_out,2003-08-10,157570,18.2554302215576,24.5066833496094,4,33.85,0,0,674694,37,53,51,59,52,46,27,23,29,37,49,54,56,-3.6,-0.7,3.5,8.1,13.2,18,22.4,21.2,16.2,9.9,2.9,-2.7,-9.3,-7,-3.3,0.5,4.8,8.8,12.9,11.9,7,1.6,-3.5,-8.1,2.2,5.6,10.3,15.7,21.6,27.3,31.9,30.5,25.4,18.3,9.3,2.8,-3.6,544,37,-0.7,156,3.5,8.1,13.2,18,22.4,164,25,84,24,84,58,166,21.2,16.2,Yeates Hollow-Wallsburg-Manila-Henefer-Gappmayer (s7892),yes
2003,8,10,880,in,40.093878,-111.570998,880_in,2003-08-10,158503,18.4588394165039,28.8945999145508,4,25.12,0,0,674694,37,53,51,59,52,46,27,23,29,37,49,54,56,-3.6,-0.7,3.5,8.1,13.2,18,22.4,21.2,16.2,9.9,2.9,-2.7,-9.3,-7,-3.3,0.5,4.8,8.8,12.9,11.9,7,1.6,-3.5,-8.1,2.2,5.6,10.3,15.7,21.6,27.3,31.9,30.5,25.4,18.3,9.3,2.8,-3.6,544,37,-0.7,156,3.5,8.1,13.2,18,22.4,164,25,84,24,84,58,166,21.2,16.2,Yeates Hollow-Wallsburg-Manila-Henefer-Gappmayer (s7892),yes
2003,8,10,150,out,41.876097,-111.212354,150_out,2003-08-10,216918,3.72415924072266,7.46376943588257,1,0,0,0,674346,7,29,25,28,33,37,33,24,27,34,29,30,28,-9.1,-7.9,-4,1.7,7.1,11.8,15.9,14.6,9.9,4.1,-2.9,-8.1,-15.8,-15.1,-10.8,-5.5,-0.9,3.1,6.1,4.7,0.2,-4.8,-9.6,-14.7,-2.3,-0.6,2.9,8.9,15.1,20.5,25.7,24.6,19.6,13,3.9,-1.4,-9.1,357,38,-7.9,161,-4,1.7,7.1,11.8,15.9,82,24,82,12,84,37,103,14.6,9.9,Picayune family-Lucky Star-Hades-Ant Flat (s7840),yes
2003,8,10,150,in,41.876216,-111.210238,150_in,2003-08-10,216863,2.95361638069153,6.56024169921875,2,0,0,0,674346,7,29,25,28,33,37,33,24,27,34,29,30,28,-9.1,-7.9,-4,1.7,7.1,11.8,15.9,14.6,9.9,4.1,-2.9,-8.1,-15.8,-15.1,-10.8,-5.5,-0.9,3.1,6.1,4.7,0.2,-4.8,-9.6,-14.7,-2.3,-0.6,2.9,8.9,15.1,20.5,25.7,24.6,19.6,13,3.9,-1.4,-9.1,357,38,-7.9,161,-4,1.7,7.1,11.8,15.9,82,24,82,12,84,37,103,14.6,9.9,Picayune family-Lucky Star-Hades-Ant Flat (s7840),yes
2003,8,15,883,out,40.285884,-111.631759,883_out,2003-08-15,166494,29.7874431610107,38.8780746459961,4,19.12,3,1,674389,118,54,52,56,52,47,28,23,28,38,50,53,55,-3.4,-0.4,3.5,8.1,13.2,18.1,22.5,21.3,16.2,10,3,-2.4,-9.1,-6.8,-3.3,0.5,4.7,8.8,12.9,11.8,6.9,1.6,-3.3,-7.7,2.4,6.1,10.4,15.7,21.7,27.5,32.2,30.9,25.6,18.5,9.3,3,-3.4,533,37,-0.4,155,3.5,8.1,13.2,18.1,22.5,160,23,79,26,79,56,161,21.3,16.2,Rock outcrop-Mower-Lundy-Lizzant-Hamtah-Agassiz (s8168),yes
2003,8,15,883,in,40.286551,-111.631964,883_in,2003-08-15,167493,31.986026763916,38.8780746459961,4,9.32,3,1,674389,118,54,52,56,52,47,28,23,28,38,50,53,55,-3.4,-0.4,3.5,8.1,13.2,18.1,22.5,21.3,16.2,10,3,-2.4,-9.1,-6.8,-3.3,0.5,4.7,8.8,12.9,11.8,6.9,1.6,-3.3,-7.7,2.4,6.1,10.4,15.7,21.7,27.5,32.2,30.9,25.6,18.5,9.3,3,-3.4,536,37,-0.4,155,3.5,8.1,13.2,18.1,22.5,161,23,79,26,79,56,162,21.3,16.2,Rock outcrop-Mower-Lundy-Lizzant-Hamtah-Agassiz (s8168),yes
2003,9,23,874,out,40.421916,-111.53317,874_out,2003-09-23,194683,12.7048654556274,19.9986000061035,2,68.03,0,0,674417,26,66,61,56,50,47,31,27,32,41,51,59,62,-5,-2.6,1.2,5.8,10.8,15.7,19.8,18.9,13.9,8.2,1.1,-4.1,-11.4,-9.5,-5.7,-1.9,2,6,9.7,8.9,4.2,-0.5,-5.5,-10.2,1.4,4.3,8.2,13.5,19.6,25.4,30,28.9,23.7,17,7.8,2.1,-5,584,39,-2.6,163,1.2,5.8,10.8,15.7,19.8,189,27,90,26,90,66,189,18.9,13.9,Sterling-Sheep Creek-Richmond-Foxol-Elzinga-Agassiz (s7785),yes
2003,9,23,874,in,40.423623,-111.534926,874_in,2003-09-23,193683,14.0483236312866,23.6306571960449,2,40.85,0,0,674417,26,66,62,58,51,48,31,27,32,41,51,59,62,-5,-2.7,1,5.6,10.5,15.5,19.6,18.8,13.8,8.1,1,-4.1,-11.4,-9.5,-5.9,-2,1.9,5.9,9.6,8.9,4.2,-0.5,-5.6,-10.2,1.4,4.2,7.9,13.2,19.3,25.1,29.7,28.7,23.5,16.7,7.6,2,-5,587,39,-2.7,162,1,5.6,10.5,15.5,19.6,190,27,90,26,90,66,190,18.8,13.8,Sterling-Sheep Creek-Richmond-Foxol-Elzinga-Agassiz (s7785),yes
2003,10,25,888,out,40.170634,-111.472918,888_out,2003-10-25,161176,19.5695972442627,43.727108001709,1,51,1,0,674694,5,58,55,56,48,44,28,25,30,39,50,56,60,-5,-2.3,2.1,6.8,11.6,16.6,20.6,19.5,14.8,8.7,1.7,-4,-11.3,-9.1,-4.9,-0.9,3,7.1,10.8,9.8,5.2,0,-5,-9.9,1.3,4.5,9.1,14.5,20.3,26.1,30.5,29.3,24.4,17.5,8.4,2,-5,550,38,-2.3,159,2.1,6.8,11.6,16.6,20.6,172,26,87,25,87,59,173,19.5,14.8,Yeates Hollow-Wallsburg-Manila-Henefer-Gappmayer (s7892),yes
2003,10,25,888,in,40.172739,-111.472579,888_in,2003-10-25,162980,21.65940284729,35.9777336120605,2,38.79,1,0,674694,5,58,55,56,48,44,28,25,30,39,50,56,60,-4.9,-2.2,2.2,6.9,11.7,16.7,20.7,19.6,14.9,8.8,1.8,-3.9,-11.2,-9,-4.8,-0.8,3.1,7.2,10.9,9.9,5.3,0.1,-4.9,-9.8,1.4,4.6,9.2,14.6,20.4,26.2,30.6,29.4,24.5,17.6,8.5,2.1,-4.9,550,38,-2.2,160,2.2,6.9,11.7,16.7,20.7,173,25,84,26,84,60,174,19.6,14.9,Yeates Hollow-Wallsburg-Manila-Henefer-Gappmayer (s7892),yes
2004,7,26,891,out,40.138551,-111.51644,891_out,2004-07-26,185953,35.271183013916,38.1596183776855,3,10,1,0,674694,5,60,58,58,48,44,30,30,36,41,49,56,59,-6.2,-4,-0.2,4.4,9.4,14.2,18.5,17.6,12.7,7.2,0.2,-5.2,-12.6,-10.8,-6.9,-2.8,1.3,5.3,9.2,8.4,3.8,-1,-6.2,-11.3,0.3,2.8,6.5,11.6,17.5,23.3,27.8,26.7,21.7,15.3,6.6,1,-6.2,550,38,-4,157,-0.2,4.4,9.4,14.2,18.5,170,27,88,24,88,58,170,17.6,12.7,Yeates Hollow-Wallsburg-Manila-Henefer-Gappmayer (s7892),yes
2004,7,26,891,in,40.13828,-111.514486,891_in,2004-07-26,189761,30.1705722808838,36.5478973388672,3,14.59,1,0,674694,5,60,58,58,48,44,30,30,36,41,49,56,59,-6.3,-4.2,-0.4,4.2,9.2,14,18.3,17.4,12.6,7,0,-5.3,-12.8,-11,-7.1,-3,1.1,5.1,9.1,8.3,3.7,-1.1,-6.3,-11.4,0.2,2.6,6.3,11.4,17.3,23,27.6,26.5,21.5,15.1,6.4,0.9,-6.3,556,38,-4.2,156,-0.4,4.2,9.2,14,18.3,172,28,91,23,91,59,172,17.4,12.6,Yeates Hollow-Wallsburg-Manila-Henefer-Gappmayer (s7892),yes
2004,7,29,1053,out,39.994284,-111.403155,1053_out,2004-07-29,165092,14.0600242614746,46.0857086181641,1,31.35,0,0,674407,43,47,45,49,42,39,25,23,29,36,44,47,50,-5.1,-2.3,2.6,7.2,12.1,16.8,20.9,19.7,15,9,1.9,-4.1,-11.5,-9,-4.5,-0.6,3.4,7.3,11.1,10.1,5.4,0.2,-4.9,-10.1,1.3,4.5,9.7,15,20.8,26.4,30.7,29.4,24.6,17.9,8.8,2,-5.1,480,38,-2.3,159,2.6,7.2,12.1,16.8,20.9,144,26,86,19,86,49,144,19.7,15,Roundy-Fitzgerald-Daybell (s7884),yes
2004,7,29,1053,in,39.992862,-111.395399,1053_in,2004-07-29,170346,27.1927089691162,35.5488052368164,3,1,0,0,674407,7,47,45,49,42,39,25,23,29,36,44,47,50,-5.3,-2.5,2.4,7,11.9,16.6,20.7,19.5,14.8,8.8,1.7,-4.3,-11.7,-9.2,-4.7,-0.8,3.2,7.1,10.9,9.9,5.2,0.1,-5.1,-10.3,1.2,4.3,9.4,14.8,20.5,26.1,30.4,29.2,24.4,17.7,8.6,1.9,-5.3,476,38,-2.5,162,2.4,7,11.9,16.6,20.7,142,24,78,22,78,50,144,19.5,14.8,Roundy-Fitzgerald-Daybell (s7884),yes
2004,8,7,88,out,41.432118,-111.27483,88_out,2004-08-07,215829,4.27848100662231,9.91500186920166,1,0,0,0,674345,7,32,29,35,39,40,33,24,28,35,34,35,32,-8.1,-6.8,-3.2,2,7.2,11.7,15.9,14.9,10.1,4.5,-2.5,-7.3,-14.8,-13.9,-9.9,-5.2,-0.9,2.9,6.1,5.1,0.5,-4.4,-9.4,-14,-1.4,0.3,3.5,9.3,15.3,20.6,25.7,24.7,19.8,13.4,4.4,-0.5,-8.1,389,39,-6.8,162,-3.2,2,7.2,11.7,15.9,91,24,83,13,83,40,113,14.9,10.1,Pathead-Guben-Curecanti family (s7871),yes
2004,8,7,88,in,41.432743,-111.274875,88_in,2004-08-07,215636,4.98972606658936,10.1282768249512,1,0,0,0,674345,7,32,29,35,39,40,33,24,28,35,34,35,32,-8.1,-6.8,-3.2,2,7.2,11.7,15.9,14.9,10.1,4.5,-2.5,-7.3,-14.8,-13.9,-9.9,-5.2,-0.9,2.9,6.1,5.1,0.5,-4.4,-9.4,-14,-1.4,0.3,3.5,9.3,15.3,20.6,25.7,24.7,19.8,13.4,4.4,-0.5,-8.1,389,39,-6.8,162,-3.2,2,7.2,11.7,15.9,91,24,83,13,83,40,113,14.9,10.1,Pathead-Guben-Curecanti family (s7871),yes
2005,8,10,894,out,39.98889,-111.376396,894_out,2005-08-10,174015,29.2164077758789,37.779125213623,1,48.06,0,0,674407,43,47,45,46,38,38,26,27,32,37,42,45,48,-6.4,-3.9,0.8,5.5,10.2,15,19.1,18.1,13.4,7.7,0.6,-5.3,-13.1,-10.8,-6.2,-2.1,1.8,5.7,9.5,8.6,4,-0.9,-6.2,-11.6,0.3,3.1,7.8,13.1,18.7,24.4,28.7,27.6,22.8,16.4,7.4,1,-6.4,471,38,-3.9,162,0.8,5.5,10.2,15,19.1,140,25,83,20,83,48,140,18.1,13.4,Roundy-Fitzgerald-Daybell (s7884),yes
2005,8,10,894,in,39.988489,-111.375467,894_in,2005-08-10,172772,27.4122695922852,37.7687835693359,1,50.71,0,0,674407,43,47,45,46,38,38,26,27,32,37,42,45,48,-6.4,-3.9,0.8,5.5,10.2,15,19.1,18.1,13.4,7.7,0.6,-5.3,-13.1,-10.8,-6.2,-2.1,1.8,5.7,9.5,8.6,4,-0.9,-6.2,-11.6,0.3,3.1,7.8,13.1,18.7,24.4,28.7,27.6,22.8,16.4,7.4,1,-6.4,467,38,-3.9,162,0.8,5.5,10.2,15,19.1,139,25,82,20,82,48,139,18.1,13.4,Roundy-Fitzgerald-Daybell (s7884),yes
2006,6,5,895,out,40.157489,-111.53819,895_out,2006-06-05,163549,34.3605766296387,37.7019081115723,3,3.24,0,0,674387,5,54,52,58,53,46,27,22,28,37,49,54,56,-3.4,-0.4,3.9,8.5,13.5,18.4,22.8,21.5,16.6,10.4,3.2,-2.4,-9.2,-6.8,-3,0.8,5,9.1,13.2,12.1,7.3,1.9,-3.2,-7.8,2.4,6,10.8,16.2,22.1,27.8,32.4,31,25.9,18.9,9.7,3.1,-3.4,536,37,-0.4,156,3.9,8.5,13.5,18.4,22.8,162,22,77,27,77,58,164,21.5,16.6,Rock outcrop-Henefer-Harkers-Gappmayer (s7849),yes
2006,6,5,895,in,40.156028,-111.541224,895_in,2006-06-05,157780,32.1194038391113,34.9600639343262,3,7.12,17,5,674387,5,54,52,58,53,46,27,22,28,37,49,54,56,-3.4,-0.4,3.9,8.5,13.5,18.4,22.8,21.5,16.6,10.4,3.2,-2.4,-9.2,-6.8,-3,0.8,5,9.1,13.2,12.1,7.3,1.9,-3.2,-7.8,2.4,6,10.8,16.2,22.1,27.8,32.4,31,25.9,18.9,9.7,3.1,-3.4,562,37,-0.4,156,3.9,8.5,13.5,18.4,22.8,173,23,80,28,80,61,175,21.5,16.6,Rock outcrop-Henefer-Harkers-Gappmayer (s7849),yes
2006,7,10,384,out,41.756482,-111.307022,384_out,2006-07-10,221561,1.17083787918091,3.21133685112,4,0,0,0,674345,7,33,29,33,37,40,34,25,28,35,31,34,33,-8.6,-7.6,-4,1.5,6.8,11.5,15.5,14.5,9.8,4.1,-2.9,-7.7,-15.2,-14.7,-10.6,-5.6,-1.1,2.9,5.9,4.8,0.3,-4.6,-9.5,-14.2,-2,-0.4,2.7,8.6,14.7,20.1,25.2,24.3,19.3,12.8,3.7,-1.2,-8.6,392,39,-7.6,158,-4,1.5,6.8,11.5,15.5,95,25,87,12,87,40,111,14.5,9.8,Pathead-Guben-Curecanti family (s7871),yes
2006,7,10,384,in,41.758615,-111.307578,384_in,2006-07-10,220514,4.37435579299927,5.68554592132568,4,3,0,0,674345,7,32,28,32,36,39,34,24,27,34,31,33,31,-8.7,-7.5,-3.8,1.7,7,11.7,15.7,14.7,9.9,4.2,-2.7,-7.6,-15.3,-14.6,-10.5,-5.4,-0.9,3,6.1,5,0.3,-4.5,-9.4,-14.1,-2,-0.3,2.9,8.8,14.9,20.3,25.4,24.5,19.5,13,3.9,-1.1,-8.7,392,39,-7.5,158,-3.8,1.7,7,11.7,15.7,95,25,87,12,87,40,111,14.7,9.9,Pathead-Guben-Curecanti family (s7871),yes
2006,8,23,704,out,41.491142,-111.994484,704_out,2006-08-23,149258,21.6930732727051,26.1550464630127,1,51.71,0,0,674339,37,52,49,54,57,56,38,21,25,38,46,51,53,-5.2,-2.6,1.8,6.6,11.7,16.7,21.4,20.4,14.9,8.7,1.7,-3.9,-10.5,-8.5,-4.1,0,4.3,8.5,12.4,11.5,6.3,0.9,-4.1,-9.1,0.3,3.3,7.7,13.3,19.1,25,30.4,29.3,23.6,16.6,7.5,1.2,-5.2,540,34,-2.6,141,1.8,6.6,11.7,16.7,21.4,154,21,84,25,84,57,167,20.4,14.9,Nielsen-Dranyon-Dra (s2168),yes
2006,8,23,704,in,41.489965,-111.996076,704_in,2006-08-23,148606,18.2032928466797,23.955530166626,1,52.24,0,0,674339,37,52,49,54,57,56,38,21,25,38,46,51,53,-5.1,-2.5,2,6.8,11.9,16.9,21.6,20.6,15.1,8.8,1.8,-3.8,-10.4,-8.3,-3.9,0.2,4.5,8.7,12.6,11.7,6.5,1,-3.9,-8.9,0.3,3.4,7.9,13.5,19.3,25.2,30.6,29.5,23.7,16.7,7.6,1.3,-5.1,540,34,-2.5,141,2,6.8,11.9,16.9,21.6,154,21,84,25,84,57,167,20.6,15.1,Nielsen-Dranyon-Dra (s2168),yes
2006,9,14,703,out,41.087776,-111.902672,703_out,2006-09-14,156376,15.2023639678955,21.1030712127686,4,60.62,1,0,674320,37,57,54,64,70,60,37,21,25,41,49,56,61,-4,-1.6,2.5,7.2,12.3,17.4,22.3,21,15.8,9.6,2.5,-2.9,-9.2,-7.3,-3.5,0.7,5.1,9.3,13.6,12.5,7.5,2,-3.1,-7.8,1.2,4.1,8.5,13.8,19.6,25.5,31,29.6,24.1,17.2,8.2,2,-4,595,34,-1.6,138,2.5,7.2,12.3,17.4,22.3,172,21,83,30,83,70,194,21,15.8,Moroni-Keigley-Doyce-Collard-Birdow (s8159),yes
2006,9,14,703,in,41.08241,-111.902543,703_in,2006-09-14,157305,13.9156017303467,22.6466121673584,4,36.5,1,0,674320,37,57,54,64,70,60,37,21,25,41,49,56,61,-4,-1.6,2.5,7.2,12.3,17.4,22.3,21,15.8,9.6,2.5,-2.9,-9.2,-7.3,-3.5,0.7,5.1,9.3,13.6,12.5,7.5,2,-3.1,-7.8,1.2,4.1,8.5,13.8,19.6,25.5,31,29.6,24.1,17.2,8.2,2,-4,580,33,-1.6,135,2.5,7.2,12.3,17.4,22.3,165,20,82,29,82,69,190,21,15.8,Moroni-Keigley-Doyce-Collard-Birdow (s8159),yes
2007,6,17,254,out,39.942171,-111.781958,254_out,2007-06-17,171858,15.9308586120605,24.4690551757813,4,34.41,0,0,674693,-109,41,41,51,46,42,25,24,30,35,43,44,44,-4,-1.3,2.6,7.1,12.1,17.4,21.7,20.6,15.4,9.2,2.5,-3.1,-10,-7.5,-4,-0.3,3.9,8.3,12.5,11.5,6.4,1,-3.9,-8.8,2,5,9.3,14.5,20.3,26.5,31,29.8,24.4,17.5,9,2.6,-4,474,37,-1.3,152,2.6,7.1,12.1,17.4,21.7,129,25,82,20,82,52,140,20.6,15.4,Yeates Hollow-St marys-Moweba-Hoskin-Holmes (s7833),yes
2007,6,17,254,in,39.941676,-111.781982,254_in,2007-06-17,172144,15.3618421554565,24.4690551757813,4,32.03,0,0,674693,-109,42,42,52,46,42,26,25,31,35,43,45,45,-4.2,-1.5,2.4,6.9,11.8,17.1,21.4,20.3,15.2,9.1,2.3,-3.3,-10.2,-7.7,-4.2,-0.5,3.6,8,12.2,11.2,6.2,0.9,-4.1,-9,1.9,4.8,9,14.2,20,26.2,30.7,29.5,24.2,17.3,8.8,2.5,-4.2,474,37,-1.5,152,2.4,6.9,11.8,17.1,21.4,129,25,82,20,82,52,140,20.3,15.2,Yeates Hollow-St marys-Moweba-Hoskin-Holmes (s7833),yes
2007,6,24,239,out,40.018379,-111.498054,239_out,2007-06-24,153152,10.2432699203491,18.6454658508301,4,3.03,0,0,674407,43,48,47,53,47,42,26,22,28,36,46,50,52,-4.1,-1.2,3.4,8,13,17.7,21.9,20.8,15.9,9.8,2.7,-3.1,-10.1,-7.7,-3.5,0.2,4.4,8.3,12.3,11.3,6.5,1.2,-3.9,-8.8,1.9,5.3,10.4,15.8,21.6,27.2,31.6,30.3,25.3,18.4,9.4,2.6,-4.1,505,37,-1.2,158,3.4,8,13,17.7,21.9,151,23,77,25,77,54,153,20.8,15.9,Roundy-Fitzgerald-Daybell (s7884),yes
2007,6,24,239,in,40.016673,-111.499308,239_in,2007-06-24,152625,1.41681432723999,4.60516452789307,2,3.06,0,0,674407,43,48,47,53,47,42,26,22,28,36,46,50,52,-4.1,-1.2,3.4,8,13,17.7,21.9,20.8,15.9,9.8,2.7,-3.1,-10.1,-7.7,-3.5,0.2,4.4,8.3,12.3,11.3,6.5,1.2,-3.9,-8.8,1.9,5.3,10.4,15.8,21.6,27.2,31.6,30.3,25.3,18.4,9.4,2.6,-4.1,504,37,-1.2,158,3.4,8,13,17.7,21.9,150,23,77,25,77,54,153,20.8,15.9,Roundy-Fitzgerald-Daybell (s7884),yes
2007,6,28,448,out,41.866668,-111.133882,448_out,2007-06-28,202754,7.30552864074707,11.9762325286865,4,0,0,0,661635,7,23,20,23,29,34,32,22,24,32,26,26,23,-9.3,-7.9,-3.5,2.4,7.7,12.4,16.3,15,10.3,4.4,-2.7,-8.3,-16.2,-15.4,-10.5,-5.1,-0.6,3.5,6.3,4.7,0.2,-4.9,-9.7,-15.1,-2.4,-0.3,3.6,9.9,16.1,21.4,26.4,25.4,20.4,13.7,4.3,-1.4,-9.3,309,39,-7.9,168,-3.5,2.4,7.7,12.4,16.3,63,19,63,17,77,34,94,15,10.3,Faim-Embargo-Cluff-Clayburn family (s8000),yes
2007,6,28,448,in,41.86656,-111.133841,448_in,2007-06-28,202754,7.30552864074707,11.9762325286865,4,0,0,0,661635,7,23,20,23,29,34,32,22,24,32,26,26,23,-9.3,-7.9,-3.5,2.4,7.7,12.4,16.3,15,10.3,4.4,-2.7,-8.3,-16.2,-15.4,-10.5,-5.1,-0.6,3.5,6.3,4.7,0.2,-4.9,-9.7,-15.1,-2.4,-0.3,3.6,9.9,16.1,21.4,26.4,25.4,20.4,13.7,4.3,-1.4,-9.3,309,39,-7.9,168,-3.5,2.4,7.7,12.4,16.3,63,19,63,17,77,34,94,15,10.3,Faim-Embargo-Cluff-Clayburn family (s8000),yes
2007,7,5,698,out,41.558499,-111.571956,698_out,2007-07-05,178204,12.7579050064087,21.3842086791992,4,1.18,0,0,674336,7,41,37,41,47,45,35,21,26,36,39,42,42,-7.1,-5.1,-0.8,4.3,9.1,13.5,17.6,16.7,11.8,6.1,-0.6,-6,-14.1,-12.5,-7.7,-3.1,0.6,4,7,6.1,1.5,-3.4,-7.8,-12.9,0,2.4,6.1,11.7,17.6,23.1,28.3,27.3,22.2,15.7,6.6,0.9,-7.1,452,40,-5.1,170,-0.8,4.3,9.1,13.5,17.6,120,21,82,19,82,47,133,16.7,11.8,Nephi-Juab (s8151),yes
2007,7,5,698,in,41.559043,-111.571785,698_in,2007-07-05,177969,12.2682828903198,20.6794681549072,4,1.62,0,0,674336,7,41,37,41,47,45,35,21,26,36,39,42,42,-7.1,-5.1,-0.8,4.3,9.1,13.5,17.6,16.7,11.8,6.1,-0.6,-6,-14.1,-12.5,-7.7,-3.1,0.6,4,7,6.1,1.5,-3.4,-7.8,-12.9,0,2.4,6.1,11.7,17.6,23.1,28.3,27.3,22.2,15.7,6.6,0.9,-7.1,452,40,-5.1,170,-0.8,4.3,9.1,13.5,17.6,120,21,82,19,82,47,133,16.7,11.8,Nephi-Juab (s8151),yes
2007,7,6,237,out,40.039197,-111.537465,237_out,2007-07-06,149511,1.98651504516602,2.75819635391235,4,9.65,0,0,674694,43,49,48,55,49,44,26,22,28,36,47,51,53,-3.8,-0.8,3.6,8,13.1,18.1,22.3,21.1,16.2,9.9,2.9,-2.8,-9.6,-7.1,-3.2,0.4,4.7,8.8,12.8,11.7,6.9,1.5,-3.6,-8.3,2.1,5.6,10.5,15.7,21.6,27.4,31.9,30.5,25.5,18.4,9.4,2.8,-3.8,495,37,-0.8,155,3.6,8,13.1,18.1,22.3,144,22,75,25,75,54,150,21.1,16.2,Yeates Hollow-Wallsburg-Manila-Henefer-Gappmayer (s7892),yes
2007,7,6,237,in,40.039588,-111.535745,237_in,2007-07-06,150092,3.01100063323975,7.08638668060303,3,2.12,0,0,674694,43,49,48,55,49,44,26,22,28,36,47,51,53,-3.8,-0.8,3.6,8,13.1,18.1,22.3,21.1,16.2,9.9,2.9,-2.8,-9.6,-7.1,-3.2,0.4,4.7,8.8,12.8,11.7,6.9,1.5,-3.6,-8.3,2.1,5.6,10.5,15.7,21.6,27.4,31.9,30.5,25.5,18.4,9.4,2.8,-3.8,495,37,-0.8,155,3.6,8,13.1,18.1,22.3,144,22,75,25,75,54,150,21.1,16.2,Yeates Hollow-Wallsburg-Manila-Henefer-Gappmayer (s7892),yes
2007,7,19,1054,out,39.711554,-111.777705,1054_out,2007-07-19,167639,12.6362371444702,26.4325199127197,3,5.56,0,0,674678,43,34,34,43,38,36,22,22,27,31,35,36,36,-3.7,-0.9,3.1,7.5,12.5,17.8,22.2,21,15.9,9.7,2.9,-2.8,-10.1,-7.4,-4,-0.4,3.8,8,12.3,11.3,6.3,0.9,-4.1,-9,2.7,5.6,10.1,15.5,21.2,27.6,32.1,30.8,25.6,18.6,9.9,3.4,-3.7,406,38,-0.9,161,3.1,7.5,12.5,17.8,22.2,109,23,75,17,75,44,118,21,15.9,Xeric Torriorthents-Rock outcrop-Lodar (s8153),yes
2007,7,19,1054,in,39.711527,-111.776153,1054_in,2007-07-19,167824,10.0303316116333,24.1405506134033,3,2.26,0,0,674678,43,34,34,43,38,36,22,22,28,32,35,36,37,-4,-1.2,2.8,7.2,12.2,17.5,21.9,20.7,15.7,9.4,2.6,-3.1,-10.4,-7.7,-4.2,-0.7,3.5,7.7,12,11,6.1,0.6,-4.4,-9.3,2.4,5.3,9.8,15.2,20.9,27.3,31.8,30.5,25.3,18.3,9.6,3.1,-4,414,38,-1.2,160,2.8,7.2,12.2,17.5,21.9,112,23,77,17,77,44,119,20.7,15.7,Xeric Torriorthents-Rock outcrop-Lodar (s8153),yes
2007,8,11,260,out,41.015112,-111.888768,260_out,2007-08-11,155667,24.4349803924561,38.5470848083496,1,40.41,32,10,674319,-114,52,50,61,69,59,36,20,25,40,47,52,56,-3.4,-0.8,3.1,7.8,12.9,18,22.9,21.7,16.2,9.9,3,-2.4,-8.5,-6.4,-2.9,1.3,5.6,9.9,14.2,13.2,8,2.4,-2.7,-7.2,1.8,4.9,9.1,14.4,20.3,26.2,31.6,30.2,24.5,17.6,8.8,2.5,-3.4,600,35,-0.8,142,3.1,7.8,12.9,18,22.9,169,22,86,28,86,70,195,21.7,16.2,Kapod-Donnardo-Borvant-Abela (s7843),yes
2007,8,11,260,in,41.014124,-111.890698,260_in,2007-08-11,154315,17.9104194641113,28.3360443115234,4,38.03,59,19,674319,37,54,52,63,70,59,36,21,25,41,49,54,58,-3.6,-1.1,2.8,7.5,12.6,17.7,22.5,21.4,15.9,9.7,2.8,-2.6,-8.8,-6.8,-3.2,1,5.3,9.5,13.7,12.7,7.6,2.1,-3,-7.5,1.7,4.7,8.9,14.2,20.1,26,31.3,30,24.3,17.4,8.6,2.4,-3.6,529,34,-1.1,138,2.8,7.5,12.6,17.7,22.5,142,19,77,29,77,65,180,21.4,15.9,Kapod-Donnardo-Borvant-Abela (s7843),yes
2008,7,29,42,out,40.811376,-111.847234,42_out,2008-07-29,162909,15.3819818496704,20.7504024505615,3,18.24,0,0,674374,10,57,56,74,75,63,35,25,29,45,57,60,65,-3.6,-1.3,2.3,6.9,11.9,17,21.6,20.5,15.4,9.1,2.3,-2.8,-9.4,-7.5,-4.1,-0.1,4,8.1,12.2,11.3,6.5,1.1,-3.8,-8.3,2.2,5,8.7,13.9,19.9,25.9,31,29.7,24.3,17.2,8.4,2.8,-3.6,607,36,-1.3,147,2.3,6.9,11.9,17,21.6,165,23,85,30,85,73,204,20.5,15.4,Richsum-Cutoff family-Ayoub (s7899),yes
2008,7,29,42,in,40.812681,-111.847491,42_in,2008-07-29,166050,12.7644023895264,17.3611621856689,3,29.62,0,0,674374,10,59,58,74,73,62,36,26,30,45,57,62,66,-3.9,-1.7,1.7,6.3,11.3,16.3,20.9,19.9,14.8,8.7,1.9,-3.1,-9.7,-8,-4.7,-0.7,3.4,7.5,11.5,10.7,5.9,0.7,-4.2,-8.7,1.9,4.6,8.1,13.3,19.2,25.2,30.3,29.1,23.7,16.8,8,2.5,-3.9,607,36,-1.7,147,1.7,6.3,11.3,16.3,20.9,165,23,85,30,85,73,204,19.9,14.8,Richsum-Cutoff family-Ayoub (s7899),yes
2008,8,2,695,out,39.847846,-111.30328,695_out,2008-08-02,275851,11.6094970703125,17.5997333526611,2,9.68,0,0,674525,3,63,61,67,50,45,33,42,49,46,48,57,62,-8.8,-7.8,-5.2,-0.5,4.6,9.9,14.1,13.2,8.5,3.5,-3.3,-7.7,-15.4,-14.5,-11.4,-6.7,-2.1,2.3,6.4,5.7,1.2,-3.2,-9.1,-14,-2.1,-1,1.1,5.7,11.4,17.5,21.9,20.7,15.9,10.3,2.6,-1.4,-8.8,600,36,-7.8,138,-5.2,-0.5,4.6,9.9,14.1,178,32,117,18,121,64,183,13.2,8.5,Thatcher-Richsum-Kearl-Econ (s7820),yes
2008,8,2,695,in,39.850065,-111.304148,695_in,2008-08-02,277697,6.41930055618286,10.3805541992188,2,5.68,0,0,674525,3,63,61,67,50,45,33,42,49,46,48,57,62,-8.8,-7.8,-5.2,-0.5,4.6,9.9,14.1,13.2,8.5,3.5,-3.3,-7.7,-15.4,-14.5,-11.4,-6.7,-2.1,2.3,6.4,5.7,1.2,-3.2,-9.1,-14,-2.1,-1,1.1,5.7,11.4,17.5,21.9,20.7,15.9,10.3,2.6,-1.4,-8.8,603,36,-7.8,138,-5.2,-0.5,4.6,9.9,14.1,179,32,117,18,121,64,184,13.2,8.5,Thatcher-Richsum-Kearl-Econ (s7820),yes
2008,8,15,46,out,40.018622,-111.720207,46_out,2008-08-15,152806,17.829984664917,26.7734909057617,1,20.32,6,2,674680,43,42,42,51,48,43,25,23,29,34,44,46,44,-3.5,-0.5,3.5,8,13.2,18.3,22.8,21.4,16.3,10,3.1,-2.5,-9.2,-6.7,-3.1,0.6,5,9.3,13.6,12.4,7.3,1.8,-3.3,-7.9,2.3,5.6,10.3,15.5,21.4,27.4,32,30.6,25.3,18.2,9.5,3,-3.5,458,36,-0.5,150,3.5,8,13.2,18.3,22.8,123,22,75,22,75,50,139,21.4,16.3,Yeates Hollow-Lucky Star-Hoskin-Horrocks-Gappmayer-Cloud Rim-Bradshaw-Ant Flat (s7886),yes
2008,8,15,46,in,40.019229,-111.721574,46_in,2008-08-15,153539,13.3377952575684,25.2676811218262,1,16.56,9,3,674680,43,38,38,47,46,41,24,21,27,32,41,42,40,-3,0.1,4.3,8.7,14,19.2,23.6,22.2,17,10.6,3.6,-2,-8.6,-6,-2.4,1.2,5.7,10.1,14.4,13.2,8,2.4,-2.8,-7.3,2.7,6.2,11.1,16.3,22.3,28.3,32.8,31.3,26,18.8,10,3.4,-3,458,36,0.1,150,4.3,8.7,14,19.2,23.6,123,22,75,22,75,50,139,22.2,17,Yeates Hollow-Lucky Star-Hoskin-Horrocks-Gappmayer-Cloud Rim-Bradshaw-Ant Flat (s7886),yes
2008,9,11,1049,out,39.807854,-111.19989,1049_out,2008-09-11,250727,17.2341804504395,24.1669006347656,4,32.97,0,0,674397,5,47,45,47,37,36,28,35,43,40,39,41,45,-9.1,-7.5,-3.7,1.3,6.5,11.5,15.6,14.6,10,4.6,-2.5,-7.8,-16.2,-14.9,-10.5,-5.4,-0.7,3.5,7.4,6.5,2,-2.7,-8.7,-14.4,-2,-0.1,3.1,8,13.8,19.7,24,22.8,18,12.1,3.8,-1.1,-9.1,497,36,-7.5,145,-3.7,1.3,6.5,11.5,15.6,141,29,102,14,109,49,144,14.6,10,Rock outcrop-Ridd-Barton (s7794),yes
2008,9,11,1049,in,39.805921,-111.206578,1049_in,2008-09-11,255227,5.81223487854004,14.81667137146,2,28.59,0,0,674397,5,48,46,48,38,37,28,36,43,40,40,42,46,-9.1,-7.5,-3.8,1.1,6.3,11.4,15.6,14.4,9.9,4.5,-2.5,-7.8,-16.1,-14.8,-10.5,-5.5,-0.8,3.4,7.4,6.4,2,-2.8,-8.7,-14.3,-2,-0.2,2.9,7.8,13.5,19.5,23.8,22.5,17.8,11.9,3.7,-1.2,-9.1,494,36,-7.5,145,-3.8,1.1,6.3,11.4,15.6,140,28,101,13,108,48,142,14.4,9.9,Rock outcrop-Ridd-Barton (s7794),yes
2009,7,2,453,out,39.873782,-111.496095,453_out,2009-07-02,192158,17.2594947814941,33.3559913635254,3,39.21,0,0,674407,10,45,44,47,38,37,25,27,33,37,41,43,46,-6.5,-4.1,0.4,5,9.8,14.7,18.8,17.8,13,7.4,0.3,-5.4,-13.1,-10.9,-6.5,-2.4,1.5,5.5,9.4,8.5,3.8,-1,-6.3,-11.6,0.2,2.7,7.3,12.4,18.1,23.9,28.2,27.1,22.2,15.9,7,0.9,-6.5,465,38,-4.1,158,0.4,5,9.8,14.7,18.8,136,25,86,18,86,47,137,17.8,13,Roundy-Fitzgerald-Daybell (s7884),yes
2009,7,2,453,in,39.88043,-111.492725,453_in,2009-07-02,208487,32.199390411377,36.2134628295898,2,31.15,0,0,674407,-109,46,45,47,39,38,26,29,34,37,41,44,47,-6.7,-4.4,-0.1,4.6,9.4,14.2,18.5,17.3,12.6,7.1,0.1,-5.6,-13.3,-11.3,-6.9,-2.7,1.2,5.2,9.2,8.2,3.6,-1.2,-6.5,-11.8,0,2.5,6.8,12,17.6,23.3,27.8,26.5,21.7,15.4,6.7,0.7,-6.7,473,38,-4.4,156,-0.1,4.6,9.4,14.2,18.5,138,26,88,17,88,48,139,17.3,12.6,Roundy-Fitzgerald-Daybell (s7884),yes
2009,7,30,1044,out,38.541285,-111.474463,1044_out,2009-07-30,280130,11.2616596221924,19.3543682098389,2,28.32,0,0,674568,66,32,30,39,27,31,22,44,52,38,33,31,33,-7,-5.7,-3.3,1.1,6.1,11.4,15.1,14,9.8,4.7,-2,-6.1,-14.2,-12.6,-9.9,-6,-1.5,2.9,6.9,6.1,1.8,-2.9,-8.8,-13.1,0.3,1.3,3.4,8.2,13.8,19.9,23.4,21.9,17.9,12.3,4.9,1,-7,461,39,-5.7,146,-3.3,1.1,6.1,11.4,15.1,111,24,89,20,127,56,144,14,9.8,Water-Parkay-Namon-Granile-Forsey (s8040),yes
2009,7,30,1044,in,38.540228,-111.475655,1044_in,2009-07-30,281070,15.2475137710571,24.6801795959473,2,46.38,0,0,674568,66,32,30,39,27,31,22,44,52,38,33,31,33,-7,-5.7,-3.3,1.1,6.1,11.4,15.1,14,9.8,4.7,-2,-6.1,-14.2,-12.6,-9.9,-6,-1.5,2.9,6.9,6.1,1.8,-2.9,-8.8,-13.1,0.3,1.3,3.4,8.2,13.8,19.9,23.4,21.9,17.9,12.3,4.9,1,-7,461,39,-5.7,146,-3.3,1.1,6.1,11.4,15.1,111,24,89,20,127,56,144,14,9.8,Water-Parkay-Namon-Granile-Forsey (s8040),yes
2010,8,16,1115,out,39.796884,-111.795183,1115_out,2010-08-16,202232,14.6933116912842,21.5816230773926,4,39.18,0,0,674680,43,52,52,58,46,43,29,33,39,39,44,49,51,-6.1,-4.3,-1.2,3.3,8.1,13.4,17.8,16.8,12.1,6.5,-0.3,-5.2,-12.6,-10.8,-7.7,-3.6,0.5,4.8,9.1,8.2,3.6,-1.3,-6.5,-11.3,0.4,2.3,5.2,10.2,15.9,22,26.6,25.4,20.6,14.2,6.1,1,-6.1,479,37,-4.3,152,-1.2,3.3,8.1,13.4,17.8,134,27,90,17,90,51,140,16.8,12.1,Yeates Hollow-Lucky Star-Hoskin-Horrocks-Gappmayer-Cloud Rim-Bradshaw-Ant Flat (s7886),yes
2010,8,16,1115,in,39.798926,-111.79406,1115_in,2010-08-16,208886,22.9022464752197,34.624153137207,4,25.47,0,0,674693,43,53,53,59,47,43,29,34,40,40,45,50,52,-6.3,-4.6,-1.6,2.9,7.8,13,17.5,16.5,11.8,6.2,-0.5,-5.4,-12.8,-11.1,-8,-3.9,0.2,4.5,8.8,8,3.4,-1.5,-6.7,-11.5,0.2,2,4.8,9.8,15.5,21.6,26.2,25,20.2,13.9,5.8,0.8,-6.3,481,37,-4.6,152,-1.6,2.9,7.8,13,17.5,135,27,91,17,91,51,141,16.5,11.8,Yeates Hollow-St marys-Moweba-Hoskin-Holmes (s7833),yes
2012,6,23,663,out,39.800042,-111.514886,663_out,2012-06-23,182768,4.63826608657837,6.12817287445068,2,0,0,0,674684,26,40,40,44,36,36,24,26,31,35,39,40,43,-6.1,-3.6,1,5.6,10.3,15.2,19.2,18.2,13.5,7.8,0.8,-5.1,-12.7,-10.3,-5.9,-1.9,1.9,5.8,9.7,8.8,4.1,-0.8,-6,-11.3,0.5,3.2,8,13.2,18.8,24.6,28.8,27.7,22.9,16.4,7.7,1.2,-6.1,434,38,-3.6,160,1,5.6,10.3,15.2,19.2,123,24,81,16,81,44,124,18.2,13.5,Yeates Hollow-Obray-LaPlatta-Goring-Ant Flat (s7811),yes
2012,6,23,663,in,39.803878,-111.511548,663_in,2012-06-23,180757,3.28070735931396,5.11296606063843,2,2.94,0,0,674682,43,40,39,43,35,35,23,25,30,34,38,40,43,-5.9,-3.3,1.5,6.1,10.8,15.5,19.5,18.6,13.8,8.1,1.1,-4.9,-12.5,-10,-5.5,-1.6,2.2,6,9.9,9,4.3,-0.6,-5.8,-11.1,0.7,3.5,8.5,13.8,19.4,25.1,29.2,28.2,23.3,16.9,8,1.3,-5.9,425,38,-3.3,161,1.5,6.1,10.8,15.5,19.5,122,23,78,17,78,43,123,18.6,13.8,Yeates Hollow-Obrast-Deer Creek-Bagard (s7882),yes
2012,8,19,679,out,40.117966,-111.335199,679_out,2012-08-19,187648,22.0796718597412,31.9264888763428,1,45.15,0,0,674411,7,51,49,47,40,39,27,27,32,38,44,48,51,-6.2,-3.7,0.9,5.6,10.5,15.2,19.3,18.2,13.5,7.8,0.7,-5.1,-12.9,-10.7,-6.2,-2,1.9,5.8,9.6,8.6,4,-0.9,-6.1,-11.4,0.6,3.4,8,13.3,19.1,24.7,29,27.9,23,16.5,7.6,1.3,-6.2,493,38,-3.7,162,0.9,5.6,10.5,15.2,19.3,151,27,86,20,86,51,151,18.2,13.5,Steed-Redola-Provo-Pleasant View-Pleasant Vale-Keigley (s7862),yes
2012,8,19,679,in,40.11885,-111.337902,679_in,2012-08-19,182995,16.4556751251221,33.6572418212891,2,17.21,0,0,674411,7,51,49,47,40,39,27,27,32,38,44,48,51,-6.2,-3.7,0.8,5.5,10.4,15.1,19.3,18.2,13.5,7.8,0.7,-5.1,-12.9,-10.7,-6.2,-2.1,1.9,5.7,9.6,8.6,4,-0.9,-6.1,-11.4,0.6,3.4,7.9,13.2,19,24.6,29,27.8,23,16.5,7.6,1.3,-6.2,493,38,-3.7,162,0.8,5.5,10.4,15.1,19.3,151,27,86,20,86,51,151,18.2,13.5,Steed-Redola-Provo-Pleasant View-Pleasant Vale-Keigley (s7862),yes
2013,8,12,1557,out,39.984982,-111.317707,1557_out,2013-08-12,189017,15.0095825195313,21.9295787811279,4,35.79,0,0,674396,2,45,43,44,37,36,25,26,32,36,41,43,46,-6.4,-3.8,1,5.7,10.6,15.3,19.2,18.3,13.5,7.8,0.7,-5.3,-13.1,-10.8,-6.1,-1.9,2.1,5.9,9.6,8.8,4,-0.9,-6.2,-11.7,0.4,3.3,8.1,13.4,19.1,24.7,28.9,27.8,23,16.5,7.6,1.1,-6.4,454,38,-3.8,162,1,5.7,10.6,15.3,19.2,134,25,83,18,83,46,134,18.3,13.5,Rock outcrop-Picayune-Emigration-Deer Creek-Brad-Agassiz (s7857),yes
2013,8,12,1557,in,39.984621,-111.319526,1557_in,2013-08-12,187248,17.8622360229492,28.0490341186523,1,32.29,0,0,674396,43,45,43,44,37,36,25,26,32,36,41,43,46,-6.4,-3.8,1,5.7,10.6,15.3,19.2,18.3,13.5,7.8,0.7,-5.3,-13.1,-10.8,-6.1,-1.9,2.1,5.9,9.6,8.8,4,-0.9,-6.2,-11.7,0.4,3.3,8.1,13.4,19.1,24.7,28.9,27.8,23,16.5,7.6,1.1,-6.4,454,38,-3.8,162,1,5.7,10.6,15.3,19.2,134,25,83,18,83,46,134,18.3,13.5,Rock outcrop-Picayune-Emigration-Deer Creek-Brad-Agassiz (s7857),yes
2014,7,25,1595,out,41.23332,-111.926271,1595_out,2014-07-25,141147,17.8611164093018,28.850154876709,1,18.53,2,1,674320,43,57,51,57,64,59,37,19,24,39,46,53,55,-3.9,-1.2,3.3,8.2,13.3,18.3,23,21.9,16.4,10.1,2.9,-2.5,-9,-6.9,-2.6,1.6,6.1,10.3,14.4,13.4,8.2,2.5,-2.7,-7.3,1.2,4.5,9.3,14.7,20.5,26.3,31.7,30.4,24.7,17.7,8.7,2.3,-3.9,528,33,-1.2,137,3.3,8.2,13.3,18.3,23,149,18,77,28,77,61,171,21.9,16.4,Moroni-Keigley-Doyce-Collard-Birdow (s8159),yes
2014,7,25,1595,in,41.232743,-111.924313,1595_in,2014-07-25,147461,23.5679836273193,32.7772598266602,4,28.35,2,1,674320,43,58,52,58,65,59,37,19,24,39,47,54,57,-4.1,-1.4,3.1,8,13.1,18.1,22.8,21.7,16.2,10,2.8,-2.7,-9.2,-7.1,-2.8,1.5,5.9,10.1,14.2,13.2,8,2.4,-2.8,-7.4,1,4.3,9.1,14.5,20.3,26.1,31.5,30.2,24.5,17.6,8.5,2.1,-4.1,551,34,-1.4,139,3.1,8,13.1,18.1,22.8,157,19,80,28,80,63,176,21.7,16.2,Moroni-Keigley-Doyce-Collard-Birdow (s8159),yes
2014,7,30,1574,out,39.517659,-111.873447,1574_out,2014-07-30,160878,1.95670413970947,2.2228786945343,1,0,0,0,674676,43,30,30,37,35,32,19,19,23,28,30,29,29,-3.3,-0.2,3.9,8.3,13.3,18.8,23.4,22.1,16.9,10.4,3.4,-2.5,-9.9,-7,-3.5,0,4.2,8.4,13,11.9,6.8,1,-4.2,-8.9,3.3,6.6,11.4,16.7,22.5,29.3,33.8,32.4,27,19.9,11.1,4,-3.3,342,39,-0.2,172,3.9,8.3,13.3,18.8,23.4,90,19,61,19,61,37,104,22.1,16.9,Woodpass-Wiscow-Poposhia-Pancheri-Lariat-Alhark (s7818),yes
2014,7,30,1574,in,39.528793,-111.860613,1574_in,2014-07-30,170221,16.9915523529053,27.5800704956055,1,16.35,0,0,674676,43,32,32,39,35,33,20,21,26,30,32,32,32,-3.9,-1.1,2.9,7.2,12.2,17.6,22.1,20.9,15.8,9.5,2.7,-3.1,-10.4,-7.8,-4.3,-0.8,3.3,7.5,11.9,10.9,5.9,0.4,-4.6,-9.5,2.7,5.6,10.3,15.4,21.2,27.7,32.2,30.9,25.8,18.8,10.1,3.3,-3.9,352,39,-1.1,171,2.9,7.2,12.2,17.6,22.1,93,19,63,18,63,38,106,20.9,15.8,Woodpass-Wiscow-Poposhia-Pancheri-Lariat-Alhark (s7818),yes
2014,7,31,1598,out,40.16033,-111.571853,1598_out,2014-07-31,149943,14.9717454910278,25.9877777099609,4,31.76,99,31,674392,37,54,53,59,53,46,28,22,28,37,50,55,57,-3.4,-0.4,3.8,8.2,13.4,18.4,22.6,21.5,16.3,10.3,3.2,-2.4,-9.1,-6.7,-3,0.6,5,9.1,13.1,12.1,7.1,1.9,-3.2,-7.8,2.4,6,10.7,15.9,21.9,27.7,32.2,30.9,25.6,18.7,9.6,3,-3.4,514,37,-0.4,154,3.8,8.2,13.4,18.4,22.6,152,21,75,26,75,56,157,21.5,16.3,Rock outcrop-Parkay-Kitchell-Flygare-Agassiz (s8155),yes
2014,7,31,1598,in,40.159877,-111.571026,1598_in,2014-07-31,151227,21.3202991485596,25.9877777099609,4,12.91,99,31,674392,37,54,53,59,53,46,28,22,28,37,50,55,57,-3.4,-0.4,3.8,8.2,13.4,18.4,22.6,21.5,16.3,10.3,3.2,-2.4,-9.1,-6.7,-3,0.6,5,9.1,13.1,12.1,7.1,1.9,-3.2,-7.8,2.4,6,10.7,15.9,21.9,27.7,32.2,30.9,25.6,18.7,9.6,3,-3.4,531,37,-0.4,155,3.8,8.2,13.4,18.4,22.6,160,22,77,27,77,58,163,21.5,16.3,Rock outcrop-Parkay-Kitchell-Flygare-Agassiz (s8155),yes
2015,4,14,1603,out,38.528712,-111.773421,1603_out,2015-04-14,300033,9.1717472076416,11.0654640197754,3,18.74,0,0,674564,82,44,43,55,37,38,26,50,60,44,39,42,46,-7.9,-7.2,-5.2,-0.9,4,9.2,13.2,12,8,3.1,-3.3,-7.1,-15.2,-14.2,-11.7,-7.7,-3.5,0.7,4.9,4.1,0,-4.4,-10,-14.2,-0.5,-0.1,1.4,6,11.6,17.7,21.5,20,16.1,10.7,3.5,0,-7.9,524,40,-7.2,149,-5.2,-0.9,4,9.2,13.2,133,26,101,19,136,60,154,12,8,Travessilla-Rock outcrop-Midfork family (s7972),yes
2015,4,14,1603,in,38.52798,-111.771563,1603_in,2015-04-14,300989,9.71395587921143,12.5999441146851,4,20.09,0,0,674564,82,44,43,55,37,38,26,50,60,44,39,42,46,-7.9,-7.2,-5.2,-0.9,4,9.2,13.2,12,8,3.1,-3.3,-7.1,-15.2,-14.2,-11.7,-7.7,-3.5,0.7,4.9,4.1,0,-4.4,-10,-14.2,-0.5,-0.1,1.4,6,11.6,17.7,21.5,20,16.1,10.7,3.5,0,-7.9,524,40,-7.2,149,-5.2,-0.9,4,9.2,13.2,133,26,101,19,136,60,154,12,8,Travessilla-Rock outcrop-Midfork family (s7972),yes
2015,9,9,1624,out,40.402266,-111.551875,1624_out,2015-09-09,178571,7.73774290084839,11.4257535934448,3,29.32,0,0,674417,3,64,60,56,51,47,30,26,31,40,51,59,61,-4.6,-2.1,1.8,6.5,11.5,16.4,20.6,19.6,14.6,8.8,1.6,-3.7,-10.8,-9,-5.1,-1.2,2.7,6.7,10.5,9.6,4.9,0,-5,-9.6,1.7,4.9,8.9,14.3,20.3,26.1,30.8,29.7,24.4,17.6,8.3,2.2,-4.6,611,38,-2.1,156,1.8,6.5,11.5,16.4,20.6,195,29,95,26,95,67,195,19.6,14.6,Sterling-Sheep Creek-Richmond-Foxol-Elzinga-Agassiz (s7785),yes
2015,9,9,1624,in,40.405086,-111.552606,1624_in,2015-09-09,179687,10.1393089294434,18.1586761474609,2,43.91,1,0,674417,3,64,60,56,51,47,30,26,31,40,51,59,61,-4.6,-2.1,1.8,6.5,11.5,16.4,20.6,19.6,14.6,8.8,1.6,-3.7,-10.8,-9,-5.1,-1.2,2.7,6.7,10.5,9.6,4.9,0,-5,-9.6,1.7,4.9,8.9,14.3,20.3,26.1,30.8,29.7,24.4,17.6,8.3,2.2,-4.6,611,38,-2.1,156,1.8,6.5,11.5,16.4,20.6,195,29,95,26,95,67,195,19.6,14.6,Sterling-Sheep Creek-Richmond-Foxol-Elzinga-Agassiz (s7785),yes
2015,9,25,1628,out,41.606838,-111.608181,1628_out,2015-09-25,165933,13.74596118927,30.7330360412598,3,25.74,0,0,674339,118,42,38,42,48,45,35,21,26,36,40,42,43,-6.9,-4.9,-0.6,4.5,9.2,13.7,17.9,16.9,11.9,6.3,-0.4,-5.9,-13.9,-12.2,-7.4,-2.8,0.8,4.2,7.3,6.4,1.7,-3.2,-7.5,-12.7,0.1,2.5,6.3,11.9,17.7,23.3,28.5,27.5,22.2,15.8,6.7,1,-6.9,464,39,-4.9,168,-0.6,4.5,9.2,13.7,17.9,125,20,80,21,80,49,139,16.9,11.9,Nielsen-Dranyon-Dra (s2168),yes
2015,9,25,1628,in,41.606945,-111.607953,1628_in,2015-09-25,165933,13.74596118927,30.7330360412598,3,25.74,0,0,674339,118,42,38,42,48,45,35,21,26,36,40,42,43,-6.9,-4.9,-0.6,4.5,9.2,13.7,17.9,16.9,11.9,6.3,-0.4,-5.9,-13.9,-12.2,-7.4,-2.8,0.8,4.2,7.3,6.4,1.7,-3.2,-7.5,-12.7,0.1,2.5,6.3,11.9,17.7,23.3,28.5,27.5,22.2,15.8,6.7,1,-6.9,464,39,-4.9,168,-0.6,4.5,9.2,13.7,17.9,125,20,80,21,80,49,139,16.9,11.9,Nielsen-Dranyon-Dra (s2168),yes
2016,7,5,1646,out,41.139883,-111.870878,1646_out,2016-07-05,149838,31.2088794708252,37.5281295776367,3,6.09,2,1,674319,-114,56,52,60,67,59,37,19,24,40,48,54,58,-4,-1.3,3.1,7.9,13.1,18,22.8,21.5,16.1,10,2.8,-2.7,-9.2,-7.1,-2.9,1.3,5.7,9.8,14,12.9,7.7,2.3,-3,-7.6,1.2,4.5,9.2,14.5,20.5,26.2,31.6,30.2,24.6,17.7,8.6,2.2,-4,574,34,-1.3,139,3.1,7.9,13.1,18,22.8,166,19,80,30,80,67,186,21.5,16.1,Kapod-Donnardo-Borvant-Abela (s7843),yes
2016,7,5,1646,in,41.140909,-111.869686,1646_in,2016-07-05,160363,34.0321655273438,37.7740097045898,3,16.03,2,1,674319,-114,56,52,60,67,59,37,19,24,40,48,54,58,-4,-1.3,3.1,7.9,13.1,18,22.8,21.5,16.1,10,2.8,-2.7,-9.2,-7.1,-2.9,1.3,5.7,9.8,14,12.9,7.7,2.3,-3,-7.6,1.2,4.5,9.2,14.5,20.5,26.2,31.6,30.2,24.6,17.7,8.6,2.2,-4,574,34,-1.3,139,3.1,7.9,13.1,18,22.8,166,19,80,30,80,67,186,21.5,16.1,Kapod-Donnardo-Borvant-Abela (s7843),yes
2016,7,30,1689,out,41.098306,-111.742447,1689_out,2016-07-30,150580,1.19540047645569,2.24390411376953,4,4.91,19,6,674350,43,53,50,58,64,58,35,20,25,40,48,54,55,-4.8,-2.2,2.5,7.3,12.1,17,21.5,20.4,15.3,9.1,2.1,-3.6,-10.7,-8.7,-4.1,0.1,4,7.9,11.8,10.8,5.9,0.5,-4.3,-9.2,1.2,4.3,9.2,14.5,20.3,26.2,31.3,30,24.7,17.8,8.6,2.1,-4.8,560,36,-2.2,155,2.5,7.3,12.1,17,21.5,158,20,80,28,80,64,180,20.4,15.3,Pleasant Grove-Kilburn-Cleverly (s7864),yes
2016,7,30,1689,in,41.09656,-111.742871,1689_in,2016-07-30,150266,0.766333341598511,1.67079293727875,4,0,19,6,674350,43,53,50,58,64,58,35,20,25,40,48,54,55,-4.8,-2.2,2.5,7.3,12.1,17,21.5,20.4,15.3,9.1,2.1,-3.6,-10.7,-8.7,-4.1,0.1,4,7.9,11.8,10.8,5.9,0.5,-4.3,-9.2,1.2,4.3,9.2,14.5,20.3,26.2,31.3,30,24.7,17.8,8.6,2.1,-4.8,560,36,-2.2,155,2.5,7.3,12.1,17,21.5,158,20,80,28,80,64,180,20.4,15.3,Pleasant Grove-Kilburn-Cleverly (s7864),yes
2016,8,5,1666,out,40.044285,-111.28329,1666_out,2016-08-05,224864,10.9661664962769,14.8795909881592,2,27.47,0,0,674396,2,52,50,50,40,38,28,32,38,40,43,47,50,-7.9,-6.2,-2.1,2.7,7.7,12.6,16.9,15.7,11.1,5.7,-1.3,-6.8,-14.9,-13.4,-8.9,-4.3,0,4,8,7,2.5,-2.2,-7.7,-13.4,-0.9,1.1,4.8,9.8,15.4,21.3,25.8,24.5,19.7,13.6,5.2,-0.1,-7.9,500,37,-6.2,154,-2.1,2.7,7.7,12.6,16.9,149,28,97,17,97,51,149,15.7,11.1,Rock outcrop-Picayune-Emigration-Deer Creek-Brad-Agassiz (s7857),yes
2016,8,5,1666,in,40.042532,-111.279943,1666_in,2016-08-05,222058,7.9294548034668,13.9603328704834,1,21.38,0,0,674396,2,51,49,49,40,38,28,32,38,40,43,46,49,-8,-6.2,-2.2,2.7,7.7,12.6,16.9,15.7,11,5.7,-1.4,-6.9,-15,-13.5,-9,-4.3,0,4,8,7,2.5,-2.2,-7.8,-13.5,-1,1.1,4.7,9.7,15.5,21.3,25.8,24.5,19.6,13.6,5.1,-0.2,-8,503,37,-6.2,153,-2.2,2.7,7.7,12.6,16.9,149,28,98,17,98,51,149,15.7,11,Rock outcrop-Picayune-Emigration-Deer Creek-Brad-Agassiz (s7857),yes
2016,8,30,1723,out,40.985306,-111.419523,1723_out,2016-08-30,175915,34.4077796936035,55.7914047241211,2,2.59,0,0,674424,7,31,30,40,48,45,31,23,26,37,40,41,35,-5.5,-3.3,0.8,5.5,10.3,14.8,19,18,13,7.5,0.8,-4.5,-12.4,-10.6,-6.3,-2.5,1.4,4.9,8.4,7.4,2.6,-2.1,-6.4,-11.3,1.4,3.9,8,13.5,19.4,24.9,29.7,28.7,23.6,17.3,8.2,2.3,-5.5,445,41,-3.3,171,0.8,5.5,10.3,14.8,19,104,24,82,19,82,49,136,18,13,Stoda-Parleys-Nebeker-Manila-Lamondi (s7826),yes
2016,8,30,1723,in,40.987201,-111.418458,1723_in,2016-08-30,176940,34.6117668151855,57.4762649536133,2,9.62,0,0,674424,7,39,37,45,50,46,32,26,28,39,43,46,42,-6,-4.1,-0.5,4.3,9.2,13.7,18,17,12.2,6.6,-0.1,-5.1,-12.7,-11.2,-7.4,-3.3,0.6,4.2,7.8,6.8,2.2,-2.6,-7.1,-11.8,0.8,3,6.4,11.9,17.8,23.3,28.2,27.2,22.2,15.8,7,1.6,-6,473,40,-4.1,166,-0.5,4.3,9.2,13.7,18,118,26,86,18,86,50,141,17,12.2,Stoda-Parleys-Nebeker-Manila-Lamondi (s7826),yes
2016,9,2,1658,out,41.996723,-111.52497,1658_out,2016-09-02,235843,26.2485027313232,28.9961223602295,3,29.18,0,0,662025,3,48,43,46,44,47,40,29,33,39,36,45,46,-8.8,-8,-5.1,0.2,5.6,10.2,14.7,13.6,8.9,3.5,-3.4,-7.9,-15,-14.6,-11.4,-6.4,-1.8,2.1,5.5,4.4,0,-4.5,-9.5,-14,-2.5,-1.3,1.2,6.8,13,18.4,23.9,22.9,17.8,11.5,2.8,-1.8,-8.8,492,38,-8,148,-5.1,0.2,5.6,10.2,14.7,136,29,100,14,101,48,138,13.6,8.9,Flygare-Clayburn-Baird Hollow (s7885),yes
2016,9,2,1658,in,41.997441,-111.525286,1658_in,2016-09-02,239411,22.3434162139893,28.9961223602295,3,32.97,0,0,662025,3,48,43,46,44,47,40,29,33,39,36,45,46,-8.8,-8,-5.1,0.2,5.6,10.2,14.7,13.6,8.9,3.5,-3.4,-7.9,-15,-14.6,-11.4,-6.4,-1.8,2.1,5.5,4.4,0,-4.5,-9.5,-14,-2.5,-1.3,1.2,6.8,13,18.4,23.9,22.9,17.8,11.5,2.8,-1.8,-8.8,496,38,-8,148,-5.1,0.2,5.6,10.2,14.7,137,29,101,14,102,48,139,13.6,8.9,Flygare-Clayburn-Baird Hollow (s7885),yes
2016,9,5,1635,out,41.058536,-111.220496,1635_out,2016-09-05,203144,17.9352493286133,25.8520278930664,4,0,0,0,674365,10,32,31,36,42,41,30,25,28,35,37,37,33,-6.8,-5,-1.5,3.5,8.4,13,17.2,16.1,11.4,5.9,-1,-5.8,-13.6,-12.1,-8.3,-4,0,3.8,7.2,6.2,1.6,-3.1,-8,-12.6,0,2.1,5.4,11,16.9,22.3,27.2,26.1,21.3,15,6.1,1,-6.8,401,40,-5,166,-1.5,3.5,8.4,13,17.2,93,25,82,15,82,42,119,16.1,11.4,Povey-Pavohroo-Northwater-Hymas-Clayburn (s8169),yes
2016,9,5,1635,in,41.058627,-111.222346,1635_in,2016-09-05,201756,8.78756999969482,14.3781404495239,2,0,0,0,674365,10,32,31,36,42,41,30,25,28,35,37,37,33,-6.8,-5,-1.5,3.5,8.4,13,17.2,16.1,11.4,5.9,-1,-5.8,-13.6,-12.1,-8.3,-4,0,3.8,7.2,6.2,1.6,-3.1,-8,-12.6,0,2.1,5.4,11,16.9,22.3,27.2,26.1,21.3,15,6.1,1,-6.8,401,40,-5,166,-1.5,3.5,8.4,13,17.2,93,25,82,15,82,42,119,16.1,11.4,Povey-Pavohroo-Northwater-Hymas-Clayburn (s8169),yes
2016,9,21,1665,out,40.148406,-111.340758,1665_out,2016-09-21,194650,14.5197343826294,26.3907508850098,3,34.47,0,0,674411,7,53,51,48,41,39,28,28,34,39,45,49,52,-6.5,-4.3,0,4.7,9.6,14.4,18.5,17.5,12.8,7.2,0.1,-5.5,-13.3,-11.4,-6.9,-2.7,1.3,5.2,9,8.1,3.5,-1.3,-6.6,-11.9,0.3,2.8,7,12.2,18,23.7,28.1,27,22.1,15.7,6.8,1,-6.5,507,38,-4.3,160,0,4.7,9.6,14.4,18.5,156,28,90,20,90,53,156,17.5,12.8,Steed-Redola-Provo-Pleasant View-Pleasant Vale-Keigley (s7862),yes
2016,9,21,1665,in,40.146944,-111.346167,1665_in,2016-09-21,196909,15.9419641494751,26.5852966308594,3,11.24,0,0,674411,7,53,51,48,41,39,28,28,34,39,45,49,52,-6.5,-4.3,0,4.7,9.6,14.4,18.5,17.5,12.8,7.2,0.1,-5.5,-13.3,-11.4,-6.9,-2.7,1.3,5.2,9,8.1,3.5,-1.3,-6.6,-11.9,0.3,2.8,7,12.2,18,23.7,28.1,27,22.1,15.7,6.8,1,-6.5,506,38,-4.3,160,0,4.7,9.6,14.4,18.5,155,28,90,20,90,53,155,17.5,12.8,Steed-Redola-Provo-Pleasant View-Pleasant Vale-Keigley (s7862),yes
